line/sub,line,chr,start,end,line,line/sub,line,chr,start,end
FN1008/1,FN1008,chr2,94370000,96390000,FN1008,FN1008/1,FN1008,chr2,95380000,95410000
,,,,,FN1008,FN1008/1,FN1008,chr2,95790000,95920000
FN1008/1,FN1008,chr2,96490000,96760000,FN1008,,,,,
FN1008/1,FN1008,chr2,96840000,97460000,FN1008,,,,,
FN1008/1,FN1008,chr2,97530000,98050000,FN1008,,,,,
FN1008/1,FN1008,chr2,98190000,99220000,FN1008,FN1008/1,FN1008,chr2,98970000,99000000
,,,,,,,,,,
FN1011/10BC4,FN1011,chr3,197570000,197900000,FN1011,FN1011/10BC4,FN1011,chr3,197580000,197770000
FN1011/10BC4,FN1011,chr3,198120000,198400000,FN1011,FN1011/10BC4,FN1011,chr3,198190000,198390000
,,,,,,,,,,
FN1023/6,FN1023,chr3,434010000,434280000,FN1023,FN1023/6,FN1023,chr3,434020000,434280000
,,,,,FN1023,,,,,
FN1023/6,FN1023,chr5,641200000,641780000,FN1023,FN1023/6,FN1023,chr5,641600000,641630000
,,,,,,,,,,
FN1032/4,FN1032,chr1,256580000,256690000,FN1032,FN1032/4,FN1032,chr1,256580000,256690000
FN1032/4,FN1032,chr1,357780000,357980000,FN1032,,,,,
FN1032/4,FN1032,chr1,370810000,373130000,FN1032,FN1032/4,FN1032,chr1,370820000,373130000
,,,,,FN1032,,,,,
FN1032/4,FN1032,chr4,81950000,82360000,FN1032,,,,,
FN1032/4,FN1032,chr4,82440000,83920000,FN1032,,,,,
FN1032/4,FN1032,chr4,84020000,84120000,FN1032,,,,,
FN1032/4,FN1032,chr4,84180000,89910000,FN1032,FN1032/4,FN1032,chr4,85330000,85360000
,,,,,FN1032,FN1032/4,FN1032,chr4,85770000,85810000
,,,,,FN1032,FN1032/4,FN1032,chr4,87490000,87520000
,,,,,FN1032,FN1032/4,FN1032,chr4,87930000,87960000
,,,,,FN1032,FN1032/4,FN1032,chr4,88190000,88220000
,,,,,FN1032,FN1032/4,FN1032,chr4,89210000,89260000
,,,,,FN1032,FN1032/4,FN1032,chr4,89550000,89580000
,,,,,FN1032,FN1032/4,FN1032,chr4,89690000,89730000
FN1032/4,FN1032,chr4,90000000,90300000,FN1032,FN1032/4,FN1032,chr4,90270000,90300000
FN1032/4,FN1032,chr4,90520000,90750000,FN1032,,,,,
FN1032/4,FN1032,chr4,91820000,92030000,FN1032,,,,,
FN1032/4,FN1032,chr4,327340000,329610000,FN1032,FN1032/4,FN1032,chr4,327340000,329610000
,,,,,,,,,,
FN1037/1,FN1037,chr1,246060000,246790000,FN1037,FN1037/1,FN1037,chr1,246240000,246270000
FN1037/1,FN1037,chr1,246880000,247160000,FN1037,,,,,
,,,,,FN1037,,,,,
FN1037/1,FN1037,chr4,76800000,77950000,FN1037,FN1037/1,FN1037,chr4,77710000,77740000
FN1037/1,FN1037,chr4,78030000,78410000,FN1037,FN1037/1,FN1037,chr4,78750000,78780000
FN1037/1,FN1037,chr4,78480000,78640000,FN1037,,,,,
FN1037/1,FN1037,chr4,78710000,79300000,FN1037,FN1037/1,FN1037,chr4,78940000,78970000
FN1037/1,FN1037,chr4,79400000,79510000,FN1037,,,,,
FN1037/1,FN1037,chr4,79610000,82240000,FN1037,,,,,
FN1037/1,FN1037,chr4,82400000,82930000,FN1037,FN1037/1,FN1037,chr4,81030000,81060000
,,,,,FN1037,FN1037/1,FN1037,chr4,82870000,82920000
FN1037/1,FN1037,chr4,83150000,83830000,FN1037,FN1037/1,FN1037,chr4,83490000,83530000
FN1037/1,FN1037,chr4,83910000,84230000,FN1037,,,,,
FN1037/1,FN1037,chr4,84320000,84720000,FN1037,,,,,
FN1037/1,FN1037,chr4,84820000,85150000,FN1037,,,,,
FN1037/1,FN1037,chr4,85220000,88370000,FN1037,FN1037/1,FN1037,chr4,87780000,87810000
,,,,,,,,,,
FN1044/4,FN1044,chr3,431580000,432680000,FN1044,FN1044/4,FN1044,chr3,431590000,432680000
FN1044/4,FN1044,chr3,464860000,465090000,FN1044,FN1044/4,FN1044,chr3,464870000,465050000
,,,,,FN1044,,,,,
FN1044/4,FN1044,chr4,175640000,176210000,FN1044,,,,,
FN1044/4,FN1044,chr4,176420000,176540000,FN1044,,,,,
FN1044/4,FN1044,chr4,176620000,177300000,FN1044,,,,,
FN1044/4,FN1044,chr4,177360000,177600000,FN1044,,,,,
FN1044/4,FN1044,chr4,177670000,177770000,FN1044,FN1044/4,FN1044,chr4,177720000,177760000
FN1044/4,FN1044,chr4,233900000,234130000,FN1044,,,,,
FN1044/4,FN1044,chr4,238450000,238810000,FN1044,,,,,
,,,,,,,,,,
FN1063/1,FN2163,chr1,288560000,289000000,FN1063,FN1063/1,FN2163,chr1,288560000,289000000
,,,,,FN1063,,,,,
FN1063/1,FN2163,chr4,311410000,311540000,FN1063,FN1063/1,FN2163,chr4,311410000,311530000
,,,,,FN1063,,,,,
FN1063/1,FN2163,chr6,393760000,394370000,FN1063,FN1063/1,FN2163,chr6,393770000,394360000
,,,,,FN1063,,,,,
FN1063/1,FN2163,chr7,28960000,29660000,FN1063,FN1063/1,FN2163,chr7,28970000,29660000
,,,,,FN1063,,,,,
,,,,,,,,,,
FN1076/7,FN1076,chr3,240000,570000,FN1076,,,,,
,,,,,FN1076,,,,,
FN1076/7,FN1076,chr4,74610000,74710000,FN1076,FN1076/7,FN1076,chr4,74610000,74710000
,,,,,FN1076,,,,,
FN1076/7,FN1076,chr5,373300000,375090000,FN1076,FN1076/7,FN1076,chr5,373410000,373490000
,,,,,FN1076,FN1076/7,FN1076,chr5,374540000,374570000
FN1076/7,FN1076,chr5,375260000,375570000,FN1076,,,,,
FN1076/7,FN1076,chr5,375700000,376430000,FN1076,,,,,
FN1076/7,FN1076,chr5,590150000,590490000,FN1076,FN1076/7,FN1076,chr5,590150000,590480000
,,,,,,,,,,
FN1079/6,FN1079,chr5,32530000,32650000,FN1079,,,,,
FN1079/6,FN1079,chr5,32740000,33060000,FN1079,FN1079/6,FN1079,chr5,32740000,32820000
FN1079/6,FN1079,chr5,33140000,33560000,FN1079,FN1079/6,FN1079,chr5,33210000,33240000
FN1079/6,FN1079,chr5,589310000,590820000,FN1079,FN1079/6,FN1079,chr5,589320000,590810000
,,,,,,,,,,
FN1084/1,FN1084,chr3,396140000,396450000,FN1084,FN1084/1,FN1084,chr3,396140000,396450000
FN1084/1,FN1084,chr3,434280000,434420000,FN1084,FN1084/1,FN1084,chr3,434280000,434390000
FN1084/1/1,FN1084,chr3,396140000,396450000,FN1084,FN1084/1/1,FN1084,chr3,396140000,396450000
FN1084/1/1,FN1084,chr3,434260000,434400000,FN1084,FN1084/1/1,FN1084,chr3,434280000,434390000
,,,,,,,,,,
FN1091/4,FN1091,chr7,113830000,114360000,FN1091,FN1091/4,FN1091,chr7,113840000,114350000
,,,,,,,,,,
FN1095/1,FN1095,chr6,254410000,254950000,FN1095,FN1095/1,FN1095,chr6,254410000,254940000
,,,,,FN1095,,,,,
FN1095/1,FN1095,chr7,81770000,81870000,FN1095,,,,,
FN1095/1,FN1095,chr7,82180000,82380000,FN1095,,,,,
FN1095/1,FN1095,chr7,82460000,82750000,FN1095,,,,,
FN1095/1,FN1095,chr7,82830000,83040000,FN1095,,,,,
FN1095/1,FN1095,chr7,344210000,344850000,FN1095,FN1095/1,FN1095,chr7,344620000,344650000
,,,,,,,,,,
FN1111/6,FN1111,chr3,228390000,228560000,FN1111,FN1111/6,FN1111,chr3,228400000,228550000
,,,,,FN1111,,,,,
FN1111/6,FN1111,chr7,296550000,297240000,FN1111,FN1111/6,FN1111,chr7,296560000,297240000
,,,,,,,,,,
FN1120/5,FN1120,chr6,429150000,431280000,FN1120,FN1120/5,FN1120,chr6,429160000,431270000
,,,,,FN1120,,,,,
FN1120/5,FN1120,chr7,117330000,117590000,FN1120,,,,,
FN1120/5,FN1120,chr7,117960000,118090000,FN1120,,,,,
FN1120/5,FN1120,chr7,118150000,118340000,FN1120,,,,,
FN1120/5,FN1120,chr7,122990000,123230000,FN1120,,,,,
FN1120/5,FN1120,chr7,134890000,136480000,FN1120,FN1120/5,FN1120,chr7,135270000,135300000
,,,,,FN1120,FN1120/5,FN1120,chr7,135520000,135550000
,,,,,FN1120,FN1120/5,FN1120,chr7,135840000,135870000
FN1120/5,FN1120,chr7,136650000,136760000,FN1120,,,,,
FN1120/5,FN1120,chr7,151490000,151670000,FN1120,FN1120/5,FN1120,chr7,151490000,151610000
FN1120/5,FN1120,chr7,151770000,152110000,FN1120,FN1120/5,FN1120,chr7,151980000,152030000
,,,,,,,,,,
,,,,,FN1139,FN1139/2,FN1139,chr2,462840000,462880000
,,,,,FN1139,,,,,
FN1139/2,FN1139,chr4,366300000,366770000,FN1139,FN1139/2,FN1139,chr4,366300000,366770000
,,,,,FN1139,,,,,
FN1139/2,FN1139,chr7,29640000,29760000,FN1139,,,,,
FN1139/2,FN1139,chr7,394470000,395800000,FN1139,FN1139/2,FN1139,chr7,394470000,395800000
,,,,,FN1139,FN1139/2,FN1139,chr7,397200000,397280000
,,,,,,,,,,
FN1197/1,FN1197,chr5,82100000,82190000,FN1197,,,,,
,,,,,FN1197,,,,,
,,,,,,,,,,
FN1210/1,FN1210,chr5,504420000,505410000,FN1210,,,,,
,,,,,FN1210,,,,,
FN1210/1,FN1210,chr6,269870000,270130000,FN1210,FN1210/1,FN1210,chr6,269870000,270130000
,,,,,,,,,,
FN1216/8,FN1216,chr1,322410000,322920000,FN1216,FN1216/8,FN1216,chr1,322480000,322510000
FN1216/8,FN1216,chr1,323040000,324190000,FN1216,FN1216/8,FN1216,chr1,323590000,323640000
FN1216/8,FN1216,chr1,324290000,325940000,FN1216,FN1216/8,FN1216,chr1,324330000,324370000
FN1216/8,FN1216,chr1,326120000,326490000,FN1216,FN1216/8,FN1216,chr1,325960000,325990000
,,,,,FN1216,,,,,
FN1216/8,FN1216,chr3,160590000,163490000,FN1216,FN1216/8,FN1216,chr3,160590000,163470000
,,,,,FN1216,,,,,
FN1216/8,FN1216,chr6,139090000,139230000,FN1216,,,,,
,,,,,,,,,,
FN1218/6,FN1218,chr2,401030000,402480000,FN1218,FN1218/6,FN1218,chr2,401030000,402480000
,,,,,FN1218,,,,,
FN1218/6,FN1218,chr3,130490000,130780000,FN1218,FN1218/6,FN1218,chr3,130490000,130750000
,,,,,FN1218,,,,,
FN1218/6,FN1218,chr5,237190000,238270000,FN1218,FN1218/6,FN1218,chr5,237210000,238270000
,,,,,FN1218,FN1218/6,FN1218,chr5,466660000,466690000
,,,,,FN1218,,,,,
FN1218/10,FN1218,chr2,9130000,9400000,FN1218,,,,,
FN1218/10,FN1218,chr2,9500000,9730000,FN1218,,,,,
FN1218/10,FN1218,chr2,9880000,10040000,FN1218,,,,,
FN1218/10,FN1218,chr2,401070000,402440000,FN1218,FN1218/10,FN1218,chr2,401940000,401970000
,,,,,,,,,,
FN1218/10,FN1218,chr3,130490000,130780000,FN1218,FN1218/10,FN1218,chr3,130490000,130780000
,,,,,,,,,,
FN1228/1,FN1228,chr2,264430000,264530000,FN1228,,,,,
,,,,,FN1228,,,,,
FN1228/1,FN1228,chr4,76710000,76800000,FN1228,,,,,
FN1228/1,FN1228,chr4,88550000,88640000,FN1228,,,,,
FN1228/1,FN1228,chr4,185940000,186030000,FN1228,,,,,
,,,,,FN1228,FN1228/1,FN1228,chr5,510630000,510680000
,,,,,FN1228,,,,,
FN1228/1,FN1228,chr6,302810000,303210000,FN1228,FN1228/1,FN1228,chr6,302810000,303210000
,,,,,FN1228,,,,,
FN1228/1,FN1228,chr7,163660000,165500000,FN1228,FN1228/1,FN1228,chr7,163670000,165500000
,,,,,,,,,,
,,,,,FN1233,FN1233/3,FN1233,chr3,120970000,121000000
,,,,,FN1233,,,,,
,,,,,FN1233,FN1239/1,FN1239,chr3,300230000,300270000
,,,,,FN1233,FN1239/1,FN1239,chr3,300680000,300740000
,,,,,,,,,,
FN1290/2,FN1290,chr2,81940000,83220000,FN1290,FN1290/2,FN1290,chr2,81940000,83220000
,,,,,FN1290,,,,,
FN1290/2/1,FN1290,chr2,81930000,83240000,FN1290,FN1290/2/1,FN1290,chr2,81940000,83220000
,,,,,,,,,,
,,,,,FN1292,FN1292/4,FN1292,chr7,166840000,166890000
,,,,,,,,,,
FN1295/1,FN1295,chr3,379600000,382370000,FN1295,FN1295/1,FN1295,chr3,379740000,379770000
,,,,,FN1295,FN1295/1,FN1295,chr3,380010000,380090000
,,,,,FN1295,FN1295/1,FN1295,chr3,381640000,381670000
,,,,,FN1295,,,,,
FN1295/1,FN1295,chr7,475380000,475620000,FN1295,,,,,
,,,,,,,,,,
FN1296/2,FN1296,chr5,260190000,260670000,FN1296,FN1296/2,FN1296,chr5,260200000,260670000
FN1296/2,FN1296,chr5,444570000,444750000,FN1296,FN1296/2,FN1296,chr5,444570000,444800000
,,,,,FN1296,,,,,
FN1296/2,FN1296,chr7,49640000,51500000,FN1296,FN1296/2,FN1296,chr7,49650000,51490000
,,,,,FN1296,FN1296/2,FN1296,chr7,303130000,303210000
,,,,,,,,,,
FN1316/2,FN1316,chr6,38180000,38280000,FN1316,FN1316/2,FN1316,chr6,38180000,38280000
,,,,,,,,,,
FN1321/1,FN1321,chr2,298400000,299130000,FN1321,FN1321/1,FN1321,chr2,298400000,299130000
,,,,,FN1321,,,,,
FN1321/1,FN1321,chr3,318310000,318850000,FN1321,FN1321/1,FN1321,chr3,318310000,318840000
,,,,,FN1321,,,,,
FN1321/1,FN1321,chr5,153860000,154260000,FN1321,FN1321/1,FN1321,chr5,153870000,154250000
FN1321/1,FN1321,chr5,154380000,154820000,FN1321,FN1321/1,FN1321,chr5,154380000,154820000
,,,,,FN1321,,,,,
FN1321/1,FN1321,chr6,193610000,193750000,FN1321,FN1321/1,FN1321,chr6,193610000,193750000
,,,,,,,,,,
FN1325/3,FN1325,chr3,18340000,18560000,FN1325,FN1325/3,FN1325,chr3,18340000,18560000
,,,,,FN1325,,,,,
FN1325/3,FN1325,chr5,222510000,226390000,FN1325,FN1325/3,FN1325,chr5,222510000,226380000
,,,,,,,,,,
FN1341/1,FN1341,chr6,38180000,38280000,FN1341,FN1341/1,FN1341,chr6,38180000,38250000
,,,,,,,,,,
FN1347/6,FN1347,chr1,220650000,220920000,FN1347,FN1347/6,FN1347,chr1,220780000,220810000
,,,,,FN1347,,,,,
FN1347/6,FN1347,chr7,284150000,285580000,FN1347,FN1347/6,FN1347,chr7,284160000,285550000
,,,,,,,,,,
FN1365/2,FN1365,chr1,351260000,351460000,FN1365,FN1365/2,FN1365,chr1,351260000,351460000
,,,,,FN1365,,,,,
FN1365/2,FN1365,chr2,312340000,312740000,FN1365,FN1365/2,FN1365,chr2,312340000,312730000
,,,,,FN1365,,,,,
FN1365/2,FN1365,chr4,131020000,131240000,FN1365,FN1365/2,FN1365,chr4,131030000,131230000
,,,,,FN1365,,,,,
FN1365/2,FN1365,chr7,274160000,279600000,FN1365,FN1365/2,FN1365,chr7,274160000,279600000
,,,,,,,,,,
FN1367/1,FN1367,chr1,205150000,205560000,FN1367,FN1367/1,FN1367,chr1,205080000,205110000
,,,,,FN1367,FN1367/1,FN1367,chr1,205230000,205260000
,,,,,FN1367,FN1367/1,FN1367,chr1,205450000,205510000
FN1367/1,FN1367,chr1,205690000,205810000,FN1367,,,,,
,,,,,FN1367,,,,,
FN1367/1,FN1367,chr4,193750000,194760000,FN1367,FN1367/1,FN1367,chr4,194080000,194110000
FN1367/1,FN1367,chr4,194840000,194990000,FN1367,,,,,
FN1367/1,FN1367,chr4,195060000,195490000,FN1367,,,,,
FN1367/1,FN1367,chr4,195560000,196070000,FN1367,FN1367/1,FN1367,chr4,195520000,195550000
FN1367/1,FN1367,chr4,196230000,196530000,FN1367,FN1367/1,FN1367,chr4,196270000,196300000
FN1367/1,FN1367,chr4,353320000,353470000,FN1367,,,,,
FN1367/1,FN1367,chr4,353720000,353810000,FN1367,,,,,
,,,,,,,,,,
FN1372/2,FN1372,chr4,28720000,29400000,FN1372,FN1372/2,FN1372,chr4,28730000,29400000
,,,,,FN1372,FN1372/2,FN1372,chr4,29480000,29620000
,,,,,,,,,,
FN1396/4,FN1396,chr2,311360000,311460000,FN1396,,,,,
,,,,,FN1396,,,,,
FN1396/4,FN1396,chr5,617340000,619330000,FN1396,FN1396/4,FN1396,chr5,617560000,617590000
,,,,,FN1396,FN1396/4,FN1396,chr5,618190000,618220000
FN1396/4,FN1396,chr5,619430000,620640000,FN1396,,,,,
,,,,,FN1396,,,,,
FN1396/4,FN1396,chr7,65220000,65780000,FN1396,,,,,
FN1396/4,FN1396,chr7,225020000,225120000,FN1396,,,,,
FN1396/4,FN1396,chr7,225670000,225760000,FN1396,,,,,
,,,,,,,,,,
FN1415/1,FN1415,chr2,100240000,100340000,FN1415,,,,,
,,,,,FN1415,,,,,
FN1415/1,FN1415,chr3,303920000,304080000,FN1415,,,,,
FN1415/1,FN1415,chr3,534950000,537730000,FN1415,FN1415/1,FN1415,chr3,535990000,536020000
,,,,,FN1415,FN1415/1,FN1415,chr3,536910000,536940000
,,,,,FN1415,FN1415/1,FN1415,chr3,537110000,537140000
FN1415/1,FN1415,chr3,537800000,538140000,FN1415,FN1415/1,FN1415,chr3,538520000,538550000
FN1415/1,FN1415,chr3,538240000,538650000,FN1415,,,,,
,,,,,,,,,,
,FN1416,,,,FN1416,FN1416/2,FN1416,chr2,75480000,75550000
,,,,,,,,,,
FN1422/3,FN1422,chr2,206140000,206520000,FN1422,FN1422/3,FN1422,chr2,206140000,206520000
,,,,,FN1422,,,,,
FN1422/3,FN1422,chr7,153110000,154670000,FN1422,FN1422/3,FN1422,chr7,153120000,154670000
,,,,,,,,,,
FN1440/2,FN1440,chr6,333730000,333840000,FN1440,,,,,
,,,,,FN1440,,,,,
FN1440/2,FN1440,chr7,40300000,40430000,FN1440,,,,,
FN1440/2,FN1440,chr7,40590000,41140000,FN1440,,,,,
FN1440/2,FN1440,chr7,41230000,41380000,FN1440,,,,,
FN1440/2,FN1440,chr7,324090000,324830000,FN1440,,,,,
,,,,,,,,,,
FN1453/1,FN1453,chr1,335640000,336440000,FN1453,FN1453/1,FN1453,chr1,335650000,336430000
FN1453/1,FN1453,chr1,336930000,337400000,FN1453,FN1453/1,FN1453,chr1,336930000,337400000
,,,,,FN1453,,,,,
FN1453/1,FN1453,chr2,179750000,179930000,FN1453,FN1453/1,FN1453,chr2,179750000,179930000
,,,,,FN1453,,,,,
,,,,,FN1453,FN1453/1,FN1453,chr3,266600000,266650000
,,,,,FN1453,,,,,
FN1453/1,FN1453,chr5,540590000,541200000,FN1453,,,,,
,,,,,FN1453,,,,,
FN1453/1,FN1453,chr6,305370000,305820000,FN1453,,,,,
FN1453/1,FN1453,chr6,513630000,513860000,FN1453,,,,,
,,,,,,,,,,
FN1457/1,FN1457,chr3,214000000,214270000,FN1457,FN1457/1,FN1457,chr3,214000000,214270000
,,,,,,,,,,
FN1466/3,FN1466,chr3,246550000,246870000,FN1466,FN1466/3,FN1466,chr3,246610000,246650000
,,,,,FN1466,FN1466/3,FN1466,chr3,246840000,246870000
FN1466/3,FN1466,chr3,287840000,291540000,FN1466,FN1466/3,FN1466,chr3,288100000,288130000
,,,,,FN1466,FN1466/3,FN1466,chr3,288770000,288800000
,,,,,FN1466,FN1466/3,FN1466,chr3,289590000,289620000
,,,,,FN1466,FN1466/3,FN1466,chr3,289960000,289990000
,,,,,FN1466,,,,,
,,,,,FN1466,FN1466/3,FN1466,chr6,15300000,15360000
,,,,,FN1466,,,,,
FN1466/3/1,FN1466,chr2,229760000,230940000,FN1466,FN1466/3/1,FN1466,chr2,229770000,230940000
,,,,,FN1466,,,,,
FN1466/3/1,FN1466,chr3,132970000,133900000,FN1466,FN1466/3/1,FN1466,chr3,132970000,133900000
FN1466/3/1,FN1466,chr3,135040000,136910000,FN1466,FN1466/3/1,FN1466,chr3,135050000,136900000
FN1466/3/1,FN1466,chr3,198960000,202100000,FN1466,FN1466/3/1,FN1466,chr3,198970000,202070000
FN1466/3/1,FN1466,chr3,202180000,202890000,FN1466,FN1466/3/1,FN1466,chr3,202180000,202880000
,,,,,FN1466,,,,,
,,,,,FN1466,FN1466/3/1,FN1466,chr7,307900000,307930000
,,,,,,,,,,
FN1473/3,FN1473,chr3,456950000,457070000,FN1473,,,,,
,,,,,FN1473,,,,,
FN1473/3,FN1473,chr5,58640000,59120000,FN1473,FN1473/3,FN1473,chr5,58650000,59120000
,,,,,FN1473,,,,,
FN1473/3,FN1473,chr6,449450000,451160000,FN1473,FN1473/3,FN1473,chr6,449450000,451160000
,,,,,,,,,,
FN1504/3,FN1504,chr2,116660000,118530000,FN1504,FN1504/3,FN1504,chr2,116680000,118500000
,,,,,FN1504,,,,,
FN1504/3,FN1504,chr4,279840000,280110000,FN1504,,,,,
,,,,,FN1504,,,,,
,,,,,FN1504,FN1504/3,FN1504,chr6,190620000,190670000
,,,,,,,,,,
FN1518/4,FN1518,chr2,371580000,371890000,FN1518,,,,,
FN1518/4,FN1518,chr2,372060000,372490000,FN1518,,,,,
FN1518/4,FN1518,chr2,372620000,373090000,FN1518,,,,,
,,,,,FN1518,,,,,
FN1518/4,FN1518,chr7,558990000,559660000,FN1518,,,,,
,,,,,FN1518,,,,,
FN1518/4/1,FN1518,chr2,371460000,371940000,FN1518,,,,,
FN1518/4/1,FN1518,chr2,372000000,373100000,FN1518,,,,,
,,,,,FN1518,,,,,
FN1518/4/1,FN1518,chr6,489880000,490390000,FN1518,,,,,
,,,,,FN1518,,,,,
FN1518/4/1,FN1518,chr7,559040000,559320000,FN1518,,,,,
FN1518/4/1,FN1518,chr7,559380000,559660000,FN1518,FN1518/4/1,FN1518,chr7,559430000,559460000
,,,,,FN1518,FN1518/4/1,FN1518,chr7,559600000,559630000
,,,,,FN1518,,,,,
FN1518/4/2,FN1518,chr2,371460000,371940000,FN1518,FN1518/4/2,FN1518,chr2,371480000,371940000
FN1518/4/2,FN1518,chr2,372000000,373100000,FN1518,FN1518/4/2,FN1518,chr2,372000000,373090000
,,,,,FN1518,,,,,
FN1518/4/2,FN1518,chr6,489880000,490400000,FN1518,FN1518/4/2,FN1518,chr6,489890000,490390000
,,,,,FN1518,,,,,
FN1518/4/2,FN1518,chr7,559000000,559650000,FN1518,FN1518/4/2,FN1518,chr7,559420000,559450000
,,,,,FN1518,,,,,
FN1518/4/3,FN1518,chr2,371460000,371940000,FN1518,FN1518/4/3,FN1518,chr2,371460000,371940000
FN1518/4/3,FN1518,chr2,372000000,373100000,FN1518,FN1518/4/3,FN1518,chr2,372000000,373090000
,,,,,FN1518,,,,,
FN1518/4/3,FN1518,chr6,490010000,490390000,FN1518,,,,,
,,,,,,,,,,
,,,,,FN1551,,,,,
,,,,,FN1551,,,,,
,,,,,,,,,,
,,,,,FN1551,,,,,
,,,,,,,,,,
FN1522/1,FN1522,chr6,32320000,33040000,FN1522,FN1522/1,FN1522,chr6,32350000,33030000
,,,,,,,,,,
FN1553/1,FN1553,chr2,359110000,359260000,FN1553,,,,,
,,,,,FN1553,,,,,
FN1553/1,FN1553,chr3,328500000,328670000,FN1553,,,,,
FN1553/1,FN1553,chr3,328990000,329360000,FN1553,,,,,
FN1553/1,FN1553,chr3,329440000,329680000,FN1553,,,,,
FN1553/1,FN1553,chr3,329800000,329890000,FN1553,,,,,
,,,,,FN1553,,,,,
FN1553/1,FN1553,chr6,439820000,441140000,FN1553,FN1553/1,FN1553,chr6,439820000,441180000
FN1553/1,FN1553,chr6,445900000,446140000,FN1553,FN1553/1,FN1553,chr6,445900000,446140000
,,,,,FN1553,,,,,
FN1553/1,FN1553,chr7,77380000,77560000,FN1553,FN1553/1,FN1553,chr7,77390000,77560000
,,,,,,,,,,
FN1555/1,FN1555,chr3,407770000,408500000,FN1555,FN1555/1,FN1555,chr3,407770000,407800000
FN1555/1,FN1555,chr3,508610000,508720000,FN1555,FN1555/1,FN1555,chr3,508610000,508720000
,,,,,FN1555,,,,,
FN1555/1,FN1555,chr4,212010000,213090000,FN1555,FN1555/1,FN1555,chr4,212010000,213090000
,,,,,FN1555,,,,,
FN1555/1,FN1555,chr6,110510000,111080000,FN1555,FN1555/1,FN1555,chr6,110690000,110730000
,,,,,FN1555,FN1555/1,FN1555,chr6,111000000,111040000
,,,,,,,,,,
FN1564/4,FN1564,chr2,301270000,301420000,FN1564,FN1564/4,FN1564,chr2,301270000,301420000
FN1564/4,FN1564,chr2,344060000,344430000,FN1564,FN1564/4,FN1564,chr2,344070000,344430000
,,,,,FN1564,,,,,
FN1564/4,FN1564,chr4,356590000,357950000,FN1564,FN1564/4,FN1564,chr4,356590000,356780000
,,,,,FN1564,FN1564/4,FN1564,chr4,356840000,357940000
FN1564/4,FN1564,chr4,380290000,380380000,FN1564,FN1564/4,FN1564,chr4,380300000,380330000
,,,,,FN1564,,,,,
FN1564/4,FN1564,chr5,271020000,271510000,FN1564,FN1564/4,FN1564,chr5,271020000,271500000
FN1564/4,FN1564,chr5,483940000,485240000,FN1564,FN1564/4,FN1564,chr5,485190000,485220000
FN1564/4,FN1564,chr5,485300000,485520000,FN1564,FN1564/4,FN1564,chr5,485410000,485510000
FN1564/4,FN1564,chr5,485700000,486620000,FN1564,FN1564/4,FN1564,chr5,485760000,485790000
,,,,,FN1564,FN1564/4,FN1564,chr5,485990000,486020000
,,,,,FN1564,FN1564/4,FN1564,chr5,486380000,486410000
FN1564/4,FN1564,chr5,491360000,491960000,FN1564,,,,,
,,,,,FN1564,,,,,
FN1564/4,FN1564,chr6,532820000,533830000,FN1564,,,,,
FN1564/4,FN1564,chr6,534060000,534500000,FN1564,FN1564/4,FN1564,chr6,534290000,534320000
FN1564/4,FN1564,chr6,534600000,535010000,FN1564,FN1564/4,FN1564,chr6,534920000,534950000
,,,,,,,,,,
FN1568/2,FN1568,chr1,128120000,128400000,FN1568,,,,,
FN1568/2,FN1568,chr1,128470000,128910000,FN1568,,,,,
,,,,,FN1568,,,,,
FN1568/2,FN1568,chr4,60240000,60410000,FN1568,FN1568/2,FN1568,chr4,60240000,60410000
,,,,,,,,,,
FN1577/4,FN1577,chr3,430930000,431580000,FN1577,FN1577/4,FN1577,chr3,430930000,431570000
,,,,,FN1577,,,,,
FN1577/4,FN1577,chr6,225180000,225330000,FN1577,FN1577/4,FN1577,chr6,225180000,225330000
,FN1577,,,,FN1577,FN1577/4,FN1577,chr6,391940000,392010000
,,,,,,,,,,
FN1579/1,FN1579,chr5,136900000,139520000,FN1579,FN1579/1,FN1579,chr5,136930000,139510000
,,,,,,,,,,
FN1582/2,FN1582,chr3,363340000,363980000,FN1582,,,,,
FN1582/2,FN1582,chr3,364070000,364840000,FN1582,,,,,
,,,,,FN1582,,,,,
FN1582/2,FN1582,chr4,417450000,417870000,FN1582,FN1582/2,FN1582,chr4,417640000,417680000
FN1582/2,FN1582,chr4,417950000,418650000,FN1582,FN1582/2,FN1582,chr4,418060000,418090000
,,,,,FN1582,,,,,
FN1582/2,FN1582,chr5,156870000,159550000,FN1582,FN1582/2,FN1582,chr5,156900000,159550000
,,,,,FN1582,,,,,
FN1582/2,FN1582,chr7,532290000,532400000,FN1582,FN1582/2,FN1582,chr7,532300000,532400000
,,,,,,,,,,
FN1596/1,FN1596,chr2,35270000,35420000,FN1596,FN1596/1,FN1596,chr2,35270000,35410000
,,,,,FN1596,,,,,
FN1596/1,FN1596,chr6,134070000,135060000,FN1596,FN1596/1,FN1596,chr6,134710000,134750000
,,,,,FN1596,FN1596/1,FN1596,chr6,134880000,134910000
FN1596/1,FN1596,chr6,135150000,136060000,FN1596,,,,,
,,,,,,,,,,
FN1598/4,FN1598,chr4,150190000,150340000,FN1598,FN1598/4,FN1598,chr4,150200000,150340000
,,,,,FN1598,,,,,
FN1598/4,FN1598,chr5,182070000,183520000,FN1598,FN1598/4,FN1598,chr5,182080000,183510000
,,,,,FN1598,,,,,
,,,,,FN1598,FN1598/4,FN1598,chr7,96340000,96390000
,,,,,,,,,,
FN1600/3,FN1600,chr2,171270000,172110000,FN1600,FN1600/3,FN1600,chr2,171280000,172110000
,,,,,FN1600,,,,,
FN1600/3,FN1600,chr6,171400000,171580000,FN1600,FN1600/3,FN1600,chr6,171410000,171580000
,,,,,,,,,,
FN1613/2,FN1613,chr3,430160000,430410000,FN1613,FN1613/2,FN1613,chr3,430170000,430400000
,,,,,FN1613,,,,,
FN1613/2,FN1613,chr5,182910000,183320000,FN1613,,,,,
,,,,,FN1613,,,,,
FN1613/2,FN1613,chr6,215470000,215830000,FN1613,FN1613/2,FN1613,chr6,215470000,215830000
,,,,,FN1613,,,,,
FN1613/2,FN1613,chr7,447590000,447930000,FN1613,,,,,
FN1613/2,FN1613,chr7,448110000,448360000,FN1613,FN1613/2,FN1613,chr7,448270000,448300000
,,,,,,,,,,
FN1617/1,FN1617,chr1,335280000,336250000,FN1617,FN1617/1,FN1617,chr1,335280000,336250000
,,,,,,,,,,
FN1624/3,FN1624,chr2,316060000,316390000,FN1624,,,,,
FN1624/3,FN1624,chr2,359110000,361280000,FN1624,FN1624/3,FN1624,chr2,360390000,360420000
,,,,,FN1624,FN1624/3,FN1624,chr2,360520000,360550000
,,,,,FN1624,FN1624/3,FN1624,chr2,360620000,360650000
,,,,,FN1624,FN1624/3,FN1624,chr2,361130000,361160000
,,,,,FN1624,,,,,
FN1624/3,FN1624,chr4,151780000,151890000,FN1624,FN1624/3,FN1624,chr4,349990000,350860000
FN1624/3,FN1624,chr4,349990000,350860000,FN1624,,,,,
,,,,,,,,,,
,,,,,FN1628,FN1628/1,FN1628,chr2,459170000,459310000
,,,,,FN1628,,,,,
FN1628/1,FN1628,chr3,163250000,163430000,FN1628,FN1628/1,FN1628,chr3,163260000,163430000
,,,,,FN1628,,,,,
FN1628/1,FN1628,chr7,50800000,51570000,FN1628,FN1628/1,FN1628,chr7,50810000,51560000
FN1628/1,FN1628,chr7,303330000,303520000,FN1628,FN1628/1,FN1628,chr7,303340000,303520000
,,,,,FN1628,,,,,
,,,,,FN1628,FN1632/1,FN1632,chr2,207680000,207710000
,,,,,,,,,,
FN1632/1,FN1632,chr2,271870000,273310000,FN1632,FN1632/1,FN1632,chr2,271880000,273280000
,,,,,FN1632,,,,,
,,,,,FN1632,FN1632/1,FN1632,chr3,447660000,447730000
,,,,,FN1628,,,,,
FN1632/1,FN1632,chr4,251360000,252040000,FN1632,FN1632/1,FN1632,chr4,251910000,251940000
,,,,,FN1628,,,,,
FN1632/1,FN1632,chr6,343930000,344850000,FN1632,FN1632/1,FN1632,chr6,343930000,344850000
,,,,,,,,,,
FN1639/1,FN1639,chr3,479120000,479540000,FN1639,,,,,
,,,,,,,,,,
FN1639/1,FN1639,chr5,505580000,505780000,FN1639,,,,,
,,,,,,,,,,
FN1642/1,FN1642,chr2,185260000,185350000,FN1642,,,,,
FN1642/1,FN1642,chr2,191510000,191730000,FN1642,,,,,
,,,,,FN1642,,,,,
FN1642/1,FN1642,chr6,260390000,264410000,FN1642,FN1642/1,FN1642,chr6,260400000,264390000
,,,,,FN1642,,,,,
FN1642/1,FN1642,chr7,11850000,12330000,FN1642,FN1642/1,FN1642,chr7,12130000,12160000
FN1642/1,FN1642,chr7,12390000,12950000,FN1642,FN1642/1,FN1642,chr7,12610000,12640000
FN1642/1,FN1642,chr7,13110000,13370000,FN1642,,,,,
FN1642/1,FN1642,chr7,13460000,13580000,FN1642,,,,,
,,,,,,,,,,
FN1651/2,FN1651,chr2,494510000,495150000,FN1651,FN1651/2,FN1651,chr2,494510000,495150000
,,,,,FN1651,,,,,
FN1651/2,FN1651,chr4,42690000,43260000,FN1651,,,,,
FN1651/2,FN1651,chr4,165740000,166150000,FN1651,FN1651/2,FN1651,chr4,165760000,165790000
,FN1651,,,,FN1651,FN1651/2,FN1651,chr4,165980000,166010000
,FN1651,,,,FN1651,FN1651/2,FN1651,chr4,166080000,166110000
FN1651/2,FN1651,chr4,166250000,166430000,FN1651,,,,,
,,,,,,,,,,
FN1697/1,FN1697,chr2,395270000,395460000,FN1697,FN1697/1,FN1697,chr2,395280000,395450000
,,,,,FN1697,FN1697/1,FN1697,chr2,425570000,425630000
,,,,,FN1697,,,,,
FN1697/1,FN1697,chr7,224330000,225970000,FN1697,FN1697/1,FN1697,chr7,224360000,225970000
,,,,,,,,,,
FN1731/3,FN1731,chr1,235050000,237960000,FN1731,FN1731/3,FN1731,chr1,235080000,237950000
,,,,,FN1731,FN1731/3,FN1731,chr1,238450000,238490000
,,,,,FN1731,,,,,
FN1731/3,FN1731,chr2,469190000,469370000,FN1731,FN1731/3,FN1731,chr2,469190000,469360000
,,,,,FN1731,,,,,
FN1731/3,FN1731,chr4,118760000,118870000,FN1731,FN1731/3,FN1731,chr4,118810000,118860000
FN1731/3,FN1731,chr4,120110000,120730000,FN1731,FN1731/3,FN1731,chr4,120110000,120720000
,,,,,FN1731,,,,,
FN1731/3,FN1731,chr5,236530000,237360000,FN1731,,,,,
,,,,,FN1731,,,,,
FN1731/3,FN1731,chr6,319800000,319890000,FN1731,,,,,
,,,,,FN1731,,,,,
FN1731/3,FN1731,chr7,317300000,317400000,FN1731,,,,,
,,,,,,,,,,
FN1752/2,FN1752,chr7,412470000,413170000,FN1752,FN1752/2,FN1752,chr7,412570000,412600000
,,,,,FN1752,FN1752/2,FN1752,chr7,413340000,413370000
,,,,,FN1752,,,,,
FN1752/2,FN1752,chr7,413330000,414010000,FN1752,FN1752/2,FN1752,chr7,413520000,413550000
,,,,,FN1752,FN1752/2,FN1752,chr7,413840000,413940000
,,,,,FN1752,,,,,
FN1752/2,FN1752,chr7,414090000,414270000,FN1752,FN1752/2,FN1752,chr7,414220000,414250000
,,,,,,,,,,
,,,,,FN1765,,,,,
,,,,,,,,,,
,,,,,FN1792,FN1796/3,FN1796,chr2,25040000,25110000
,,,,,FN1792,,,,,
FN1792/3,FN1792,chr7,236870000,236970000,FN1792,FN1792/3,FN1792,chr7,236890000,236960000
,,,,,FN1792,FN1792/3,FN1792,chr7,237690000,237720000
,,,,,,,,,,
FN1796/3,FN1796,chr2,25470000,25820000,FN1796,FN1796/3,FN1796,chr2,25470000,25820000
FN1796/3,FN1796,chr2,225740000,228560000,FN1796,FN1796/3,FN1796,chr2,226160000,226190000
,,,,,FN1796,FN1796/3,FN1796,chr2,226560000,226610000
,,,,,FN1796,FN1796/3,FN1796,chr2,227260000,227310000
FN1796/3,FN1796,chr2,228650000,229380000,FN1796,,,,,
,,,,,FN1796,FN1796/3,FN1796,chr2,227710000,227740000
FN1796/3,FN1796,chr2,229470000,229960000,FN1796,,,,,
FN1796/3,FN1796,chr2,230060000,232470000,FN1796,FN1796/3,FN1796,chr2,231560000,231590000
,,,,,FN1796,FN1796/3,FN1796,chr2,231710000,231740000
FN1796/3,FN1796,chr2,232560000,233040000,FN1796,,,,,
,,,,,FN1796,FN1796/3,FN1796,chr2,232780000,232820000
FN1796/3,FN1796,chr2,305700000,305790000,FN1796,,,,,
FN1796/3,FN1796,chr2,306180000,306290000,FN1796,,,,,
FN1796/3,FN1796,chr2,306490000,306730000,FN1796,,,,,
FN1796/3,FN1796,chr2,306850000,307010000,FN1796,,,,,
FN1796/3,FN1796,chr2,307940000,308290000,FN1796,FN1796/3,FN1796,chr2,307950000,307980000
FN1796/3,FN1796,chr2,308360000,309970000,FN1796,FN1796/3,FN1796,chr2,308980000,309010000
,,,,,FN1796,,,,,
FN1796/3,FN1796,chr4,491700000,491860000,FN1796,,,,,
,,,,,FN1796,,,,,
FN1796/3,FN1796,chr6,516270000,516360000,FN1796,FN1796/3,FN1796,chr6,516270000,516350000
,,,,,,,,,,
FN1798/2,FN1798,chr1,363790000,363930000,FN1798,FN1798/2,FN1798,chr1,363790000,363930000
,,,,,FN1798,,,,,
,,,,,FN1798,FN1798/2,FN1798,chr4,509280000,509310000
,,,,,FN1798,,,,,
FN1798/2,FN1798,chr5,384290000,385010000,FN1798,FN1798/2,FN1798,chr5,384300000,385000000
FN1798/2,FN1798,chr5,521400000,521780000,FN1798,FN1798/2,FN1798,chr5,521400000,521760000
,,,,,FN1798,,,,,
,,,,,FN1798,FN1798/2,FN1798,chr7,226070000,226130000
FN1798/2,FN1798,chr7,316500000,316940000,FN1798,,,,,
FN1798/2,FN1798,chr7,317120000,317390000,FN1798,FN1798/2,FN1798,chr7,317200000,317230000
FN1798/2,FN1798,chr7,317460000,317980000,FN1798,FN1798/2,FN1798,chr7,317460000,317490000
,,,,,FN1798,FN1798/2,FN1798,chr7,317550000,317580000
,,,,,FN1798,FN1798/2,FN1798,chr7,317950000,317980000
FN1798/2,FN1798,chr7,389520000,389930000,FN1798,FN1798/2,FN1798,chr7,389770000,389800000
FN1798/2,FN1798,chr7,390000000,390900000,FN1798,FN1798/2,FN1798,chr7,390300000,390330000
,,,,,FN1798,FN1798/2,FN1798,chr7,390440000,390540000
,,,,,FN1798,FN1798/2,FN1798,chr7,390630000,390660000
,,,,,FN1798,FN1798/2,FN1798,chr7,390760000,390800000
FN1798/2,FN1798,chr7,390990000,391800000,FN1798,,,,,
FN1798/2,FN1798,chr7,391870000,391990000,FN1798,,,,,
FN1798/2,FN1798,chr7,392120000,392540000,FN1798,FN1798/2,FN1798,chr7,392440000,392470000
FN1798/2,FN1798,chr7,392710000,393000000,FN1798,FN1798/2,FN1798,chr7,392920000,392950000
FN1798/2,FN1798,chr7,393090000,394000000,FN1798,,,,,
,,,,,,,,,,
,,,,,FN1838,FN1838/1,FN1838,chr1,376710000,376740000
,,,,,FN1838,,,,,
FN1838/1,FN1838,chr7,60000,270000,FN1838,,,,,
FN1838/1,FN1838,chr7,410000,740000,FN1838,,,,,
FN1838/1,FN1838,chr7,800000,1100000,FN1838,,,,,
,,,,,,,,,,
FN1881/2,FN1881,chr2,187430000,193200000,FN1881,FN1881/2,FN1881,chr2,187430000,193180000
FN1881/2,FN1881,chr2,256390000,256710000,FN1881,FN1881/2,FN1881,chr2,256390000,256710000
,,,,,FN1881,,,,,
,,,,,FN1881,FN1881/2,FN1881,chr3,390090000,390130000
,,,,,FN1881,,,,,
,,,,,FN1881,FN1881/2,FN1881,chr7,503210000,503280000
,,,,,,,,,,
FN2002/2,FN2002,chr3,46760000,47040000,FN2002,FN2002/2,FN2002,chr3,46770000,47040000
,,,,,,,,,,
FN2007/1,FN2007,chr5,169790000,171370000,FN2007,FN2007/1,FN2007,chr5,169790000,171360000
FN2007/1,FN2007,chr5,593620000,593710000,FN2007,FN2007/1,FN2007,chr5,593620000,593710000
FN2007/1,FN2007,chr5,601850000,602520000,FN2007,FN2007/1,FN2007,chr5,601870000,602520000
,,,,,,,,,,
FN2008/3,FN2008,chr4,488530000,489900000,FN2008,FN2008/3,FN2008,chr4,488540000,489900000
,,,,,,,,,,
FN2011/3,FN2011,chr4,165590000,165810000,FN2011,FN2011/3,FN2011,chr4,165600000,165810000
FN2011/3,FN2011,chr4,166700000,167380000,FN2011,FN2011/3,FN2011,chr4,166720000,167380000
,,,,,,,,,,
FN2012/7,FN2012,chr1,166080000,166740000,FN2012,FN2012/7,FN2012,chr1,166090000,166730000
,,,,,FN2012,,,,,
FN2012/7,FN2012,chr3,533290000,534260000,FN2012,FN2012/7,FN2012,chr3,533290000,534260000
,,,,,FN2012,,,,,
FN2012/7,FN2012,chr5,341650000,342000000,FN2012,,,,,
,,,,,FN2012,,,,,
FN2012/7,FN2012,chr6,61010000,61300000,FN2012,,,,,
,,,,,FN2012,,,,,
,,,,,FN2012,FN2012/7,FN2012,chr6,61400000,61430000
,,,,,,,,,,
,,,,,FN2015,FN2015/1,FN2015,chr3,181450000,181480000
,,,,,FN2015,,,,,
,,,,,FN2015,FN2015/1,FN2015,chr5,171310000,171370000
,,,,,FN2015,,,,,
FN2015/3,FN2015,chr2,418450000,418640000,FN2015,FN2015/3,FN2015,chr2,418530000,418560000
,,,,,FN2015,,,,,
FN2015/3,FN2015,chr3,152870000,153000000,FN2015,FN2015/3,FN2015,chr3,152920000,153000000
,,,,,FN2015,,,,,
FN2015/3,FN2015,chr5,620260000,621060000,FN2015,FN2015/3,FN2015,chr5,620280000,621060000
,,,,,,,,,,
FN2022/1,FN2022,chr3,115850000,116120000,FN2022,,,,,
,,,,,FN2022,,,,,
FN2022/1,FN2022,chr4,71990000,72800000,FN2022,FN2022/1,FN2022,chr4,72010000,72800000
,,,,,FN2022,,,,,
FN2022/1,FN2022,chr6,259750000,263220000,FN2022,FN2022/1,FN2022,chr6,259750000,263220000
,,,,,,,,,,
FN2023/4,FN2023,chr1,270690000,270830000,FN2023,FN2023/4,FN2023,chr1,270690000,270830000
FN2023/4,FN2023,chr1,341830000,342320000,FN2023,FN2023/4,FN2023,chr1,341830000,342310000
,,,,,FN2023,,,,,
FN2023/4,FN2023,chr3,65880000,66030000,FN2023,FN2023/4,FN2023,chr3,65880000,66020000
,,,,,FN2023,,,,,
FN2023/4,FN2023,chr4,391640000,391830000,FN2023,FN2023/4,FN2023,chr4,391640000,391820000
,,,,,,,,,,
,,,,,FN2026,FN2026/7,FN2026,chr2,232040000,232090000
,,,,,FN2026,,,,,
FN2026/7,FN2026,chr6,68280000,70230000,FN2026,FN2026/7,FN2026,chr6,68300000,70230000
,,,,,,,,,,
,,,,,FN2036,FN2036/7,FN2036,chr5,121350000,121390000
,,,,,FN2036,,,,,
FN2036/7,FN2036,chr7,314600000,315330000,FN2036,FN2036/7,FN2036,chr7,314610000,315330000
,,,,,,,,,,
FN2039/1,FN2039,chr1,89260000,89510000,FN2039,FN2039/1,FN2039,chr1,89290000,89320000
,,,,,FN2039,FN2039/1,FN2039,chr1,89430000,89480000
,,,,,FN2039,,,,,
FN2039/1,FN2039,chr1,89660000,90510000,FN2039,,,,,
,,,,,FN2039,,,,,
FN2039/1,FN2039,chr6,433910000,434040000,FN2039,FN2039/1,FN2039,chr6,433920000,434040000
,,,,,,,,,,
FN2046/1,FN2046,chr3,378060000,378300000,FN2046,,,,,
FN2046/1,FN2046,chr3,378390000,378770000,FN2046,FN2046/1,FN2046,chr3,378450000,378480000
FN2046/1,FN2046,chr3,378890000,379420000,FN2046,FN2046/1,FN2046,chr3,379140000,379170000
FN2046/1,FN2046,chr3,379480000,380400000,FN2046,,,,,
,,,,,FN2046,,,,,
FN2046/1,FN2046,chr4,65930000,66130000,FN2046,,,,,
,,,,,FN2046,FN2046/1,FN2046,chr5,61030000,61190000
FN2046/1,FN2046,chr5,61030000,61200000,FN2046,,,,,
,,,,,FN2046,FN2046/1,FN2046,chr7,497700000,497810000
FN2046/1,FN2046,chr7,497700000,497820000,FN2046,,,,,
,,,,,,,,,,
,,,,,FN2054,FN2054/1,FN2054,chr1,104130000,104170000
,,,,,FN2054,,,,,
FN2054/1,FN2054,chr7,391940000,392370000,FN2054,FN2054/1,FN2054,chr7,391940000,392170000
,FN2054,,,,FN2054,FN2054/1,FN2054,chr7,392250000,392370000
,,,,,,,,,,
FN2057/3,FN2057,chr2,338030000,339070000,FN2057,FN2057/3,FN2057,chr2,338030000,339060000
,,,,,FN2057,,,,,
FN2057/3,FN2057,chr6,387930000,388470000,FN2057,FN2057/3,FN2057,chr6,387940000,388470000
,,,,,,,,,,
FN2073/1,FN2073,chr4,201980000,202280000,FN2073,FN2073/1,FN2073,chr4,201980000,202280000
,,,,,FN2073,,,,,
FN2073/5,FN2073,chr2,243450000,254530000,FN2073,FN2073/5,FN2073,chr2,243450000,251170000
,FN2073,,,,FN2073,FN2073/5,FN2073,chr2,251380000,254530000
,,,,,,,,,,
FN2085/1,FN2085,chr3,137830000,138010000,FN2085,FN2085/1,FN2085,chr3,137830000,138000000
,,,,,,,,,,
FN2087/2,FN2087,chr6,183530000,185600000,FN2087,FN2087/2,FN2087,chr6,183530000,185600000
,,,,,,,,,,
FN2099/3,FN2099,chr3,534580000,535210000,FN2099,,,,,
,,,,,FN2099,,,,,
FN2099/3,FN2099,chr3,535310000,537990000,FN2099,FN2099/3,FN2099,chr3,535910000,535940000
,,,,,FN2099,FN2099/3,FN2099,chr3,536120000,536150000
,,,,,FN2099,FN2099/3,FN2099,chr3,536690000,536720000
,,,,,FN2099,,,,,
FN2099/3,FN2099,chr3,538130000,538340000,FN2099,,,,,
,,,,,FN2099,,,,,
FN2099/3,FN2099,chr3,538400000,538651075,FN2099,FN2099/3,FN2099,chr3,538520000,538550000
,,,,,FN2099,,,,,
FN2099/3,FN2099,chr5,391210000,391580000,FN2099,,,,,
,,,,,FN2099,,,,,
FN2099/3/1,FN2099,chr2,104450000,104750000,FN2099,FN2099/3/1,FN2099,chr2,104550000,104580000
,,,,,FN2099,,,,,
FN2099/3/1,FN2099,chr3,534590000,534920000,FN2099,FN2099/3/1,FN2099,chr3,534860000,534900000
FN2099/3/1,FN2099,chr3,535010000,535900000,FN2099,FN2099/3/1,FN2099,chr3,535320000,535350000
FN2099/3/1,FN2099,chr3,535970000,537660000,FN2099,FN2099/3/1,FN2099,chr3,535930000,535960000
,,,,,FN2099,FN2099/3/1,FN2099,chr3,536360000,536390000
,,,,,FN2099,FN2099/3/1,FN2099,chr3,537170000,537200000
,,,,,FN2099,FN2099/3/1,FN2099,chr3,537270000,537300000
,,,,,FN2099,FN2099/3/1,FN2099,chr3,537450000,537480000
FN2099/3/1,FN2099,chr3,537760000,538651075,FN2099,FN2099/3/1,FN2099,chr3,538100000,538130000
,,,,,FN2099,FN2099/3/1,FN2099,chr3,538270000,538300000
,,,,,,,,,,
FN2108/1,FN2108,chr6,494130000,494260000,FN2108,,,,,
FN2108/1,FN2108,chr6,494350000,495090000,FN2108,,,,,
,,,,,FN2108,,,,,
FN2108/1,FN2108,chr6,495150000,495410000,FN2108,,,,,
FN2108/1,FN2108,chr6,495600000,495690000,FN2108,,,,,
FN2108/1,FN2108,chr6,496090000,496290000,FN2108,,,,,
FN2108/1,FN2108,chr6,496390000,497210000,FN2108,FN2108/1,FN2108,chr6,496600000,496630000
,,,,,FN2108,FN2108/1,FN2108,chr6,496890000,496920000
FN2108/1,FN2108,chr6,497290000,498060000,FN2108,,,,,
,,,,,,,,,,
FN2114/5,FN2114,chr1,6920000,7430000,FN2114,FN2114/5,FN2114,chr1,6930000,7430000
,,,,,FN2114,,,,,
,,,,,FN2114,FN2114/5,FN2114,chr7,238270000,238300000
,,,,,,,,,,
,,,,,FN2115,FN2115/3,FN2115,chr1,30640000,30710000
,,,,,FN2115,,,,,
FN2115/3,FN2115,chr6,357700000,358280000,FN2115,FN2115/3,FN2115,chr6,357710000,358280000
,,,,,,,,,,
FN2120/10,FN2120,chr3,167820000,167910000,FN2120,,,,,
FN2120/10,FN2120,chr3,177750000,177850000,FN2120,,,,,
,,,,,FN2120,,,,,
FN2120/10,FN2120,chr6,153720000,153810000,FN2120,,,,,
,,,,,,,,,,
FN2130/1,FN2130,chr1,67070000,67190000,FN2130,,,,,
FN2130/1,FN2130,chr1,168680000,168780000,FN2130,,,,,
FN2130/1,FN2130,chr1,214860000,214980000,FN2130,,,,,
FN2130/1,FN2130,chr1,442580000,442690000,FN2130,,,,,
FN2130/1,FN2130,chr1,443640000,443740000,FN2130,,,,,
FN2130/1,FN2130,chr1,448340000,448430000,FN2130,,,,,
,,,,,FN2130,,,,,
FN2130/1,FN2130,chr2,226630000,226720000,FN2130,,,,,
,,,,,FN2130,,,,,
FN2130/1,FN2130,chr3,28740000,28860000,FN2130,,,,,
FN2130/1,FN2130,chr3,92910000,93050000,FN2130,,,,,
FN2130/1,FN2130,chr3,155690000,155780000,FN2130,,,,,
FN2130/1,FN2130,chr3,526950000,527050000,FN2130,,,,,
,,,,,FN2130,,,,,
FN2130/1,FN2130,chr4,73600000,73710000,FN2130,,,,,
FN2130/1,FN2130,chr4,76680000,76790000,FN2130,,,,,
FN2130/1,FN2130,chr4,85570000,85690000,FN2130,,,,,
FN2130/1,FN2130,chr4,87260000,87400000,FN2130,,,,,
FN2130/1,FN2130,chr4,145240000,145360000,FN2130,,,,,
FN2130/1,FN2130,chr4,168280000,168390000,FN2130,,,,,
FN2130/1,FN2130,chr4,287260000,287360000,FN2130,,,,,
,,,,,FN2130,,,,,
FN2130/1,FN2130,chr5,238410000,238520000,FN2130,,,,,
FN2130/1,FN2130,chr5,376010000,376490000,FN2130,,,,,
,,,,,FN2130,,,,,
FN2130/1,FN2130,chr6,228110000,228410000,FN2130,,,,,
,,,,,FN2130,,,,,
FN2130/1,FN2130,chr7,138480000,138630000,FN2130,,,,,
FN2130/1,FN2130,chr7,173440000,173540000,FN2130,,,,,
FN2130/1,FN2130,chr7,246750000,246880000,FN2130,FN2130/1,FN2130,chr7,246760000,246810000
FN2130/1,FN2130,chr7,274540000,274630000,FN2130,,,,,
,,,,,,,,,,
FN2137/5,FN2137,chr2,386510000,386630000,FN2137,,,,,
,,,,,FN2137,,,,,
FN2137/5,FN2137,chr3,9080000,9280000,FN2137,,,,,
,,,,,FN2137,,,,,
FN2137/5,FN2137,chr5,122820000,122940000,FN2137,,,,,
,,,,,,,,,,
FN2150/3,FN2150,chr4,151610000,151730000,FN2150,,,,,
,,,,,FN2150,,,,,
FN2150/3,FN2150,chr7,33650000,36100000,FN2150,FN2150/3,FN2150,chr7,33700000,36100000
FN2150/3,FN2150,chr7,179050000,179150000,FN2150,,,,,
,,,,,,,,,,
FN2163/4,FN2163,chr4,142320000,142860000,FN2163,FN2163/4,FN2163,chr4,142660000,142690000
,,,,,FN2163,,,,,
FN2163/5,FN2163,chr4,427210000,427890000,FN2163,FN2163/5,FN2163,chr4,427370000,427400000
,,,,,FN2163,FN2163/5,FN2163,chr4,427560000,427660000
,,,,,,,,,,
FN2199/2,FN2199,chr4,123870000,123980000,FN2199,FN2199/2,FN2199,chr4,123870000,123980000
,,,,,FN2199,,,,,
,,,,,FN2199,FN2199/2,FN2199,chr5,111040000,111070000
FN2199/2,FN2199,chr5,110940000,111420000,FN2199,,,,,
FN2199/2,FN2199,chr5,111680000,112530000,FN2199,FN2199/2,FN2199,chr5,111680000,111710000
,,,,,FN2199,,,,,
FN2199/2,FN2199,chr7,344550000,345320000,FN2199,,,,,
,,,,,,,,,,
FN2206/1,FN2206,chr3,197460000,198830000,FN2206,FN2206/1,FN2206,chr3,197460000,198820000
,,,,,FN2206,,,,,
FN2206/1BC4,FN2206,chr1,67060000,67170000,FN2206,,,,,
FN2206/1BC4,FN2206,chr1,168690000,168800000,FN2206,,,,,
FN2206/1BC4,FN2206,chr1,208740000,208830000,FN2206,,,,,
FN2206/1BC4,FN2206,chr1,241560000,241650000,FN2206,,,,,
,,,,,FN2206,,,,,
FN2206/1BC4,FN2206,chr2,472560000,472680000,FN2206,,,,,
FN2206/1BC4,FN2206,chr2,473090000,473180000,FN2206,,,,,
,,,,,FN2206,,,,,
FN2206/1BC4,FN2206,chr3,197450000,198830000,FN2206,FN2206/1BC4,FN2206,chr3,197460000,198820000
FN2206/1BC4,FN2206,chr3,250990000,251130000,FN2206,,,,,
,,,,,FN2206,,,,,
FN2206/1BC4,FN2206,chr4,145570000,145670000,FN2206,,,,,
,,,,,FN2206,,,,,
FN2206/1BC4,FN2206,chr6,228140000,228250000,FN2206,,,,,
,,,,,,,,,,
FN2220/1,FN2220,chr1,128820000,129560000,FN2220,FN2220/1,FN2220,chr1,128820000,129550000
,,,,,FN2220,FN2220/1,FN2220,chr1,302270000,302300000
FN2220/1,FN2220,chr1,452140000,452590000,FN2220,,,,,
,,,,,FN2220,,,,,
FN2220/1,FN2220,chr2,85960000,88480000,FN2220,FN2220/1,FN2220,chr2,85960000,88460000
FN2220/1,FN2220,chr2,270770000,270860000,FN2220,,,,,
,,,,,FN2220,,,,,
,,,,,FN2220,FN2220/1,FN2220,chr3,520310000,520340000
,,,,,FN2220,,,,,
FN2220/1,FN2220,chr7,104410000,104560000,FN2220,FN2220/1,FN2220,chr7,104410000,104560000
,,,,,,,,,,
FN2231/1,FN2231,chr3,197450000,198830000,FN2231,FN2231/1,FN2231,chr3,197460000,198820000
,,,,,,,,,,
FN2261/2,FN2261,chr5,638060000,638580000,FN2261,,,,,
,,,,,FN2261,,,,,
FN2261/2,FN2261,chr5,638650000,639240000,FN2261,,,,,
,,,,,FN2261,,,,,
FN2261/2,FN2261,chr5,639370000,639880000,FN2261,,,,,
,,,,,FN2261,,,,,
FN2261/2,FN2261,chr5,640060000,640380000,FN2261,FN2261/2,FN2261,chr5,640250000,640290000
,,,,,FN2261,,,,,
FN2261/2,FN2261,chr5,640450000,640700000,FN2261,,,,,
,,,,,FN2261,,,,,
FN2261/2,FN2261,chr7,348590000,348890000,FN2261,FN2261/2,FN2261,chr7,348590000,348890000
,,,,,FN2261,,,,,
FN2261/4,FN2261,chr1,380140000,380570000,FN2261,FN2261/4,FN2261,chr1,380230000,380330000
,,,,,,,,,,
FN2268/3,FN2268,chr2,220730000,221390000,FN2268,FN2268/3,FN2268,chr2,220750000,221390000
,,,,,FN2268,,,,,
,,,,,FN2268,FN2268/3,FN2268,chr3,346500000,346560000
,,,,,FN2268,,,,,
FN2268/3,FN2268,chr7,294850000,294950000,FN2268,,,,,
FN2268/3,FN2268,chr7,388470000,388740000,FN2268,,,,,
,,,,,,,,,,
FN2271/3,FN2271,chr2,384570000,385190000,FN2271,FN2271/3,FN2271,chr2,384570000,385170000
,,,,,FN2271,,,,,
FN2271/3,FN2271,chr4,104560000,104990000,FN2271,FN2271/3,FN2271,chr4,104560000,104990000
,,,,,FN2271,,,,,
FN2271/3,FN2271,chr5,222090000,231660000,FN2271,FN2271/3,FN2271,chr5,222150000,222560000
,,,,,FN2271,FN2271/3,FN2271,chr5,222630000,222760000
,,,,,FN2271,FN2271/3,FN2271,chr5,222840000,222950000
,,,,,FN2271,FN2271/3,FN2271,chr5,223050000,223160000
,,,,,FN2271,FN2271/3,FN2271,chr5,223290000,223360000
,,,,,FN2271,FN2271/3,FN2271,chr5,223440000,223480000
,,,,,FN2271,FN2271/3,FN2271,chr5,223580000,223680000
,,,,,FN2271,FN2271/3,FN2271,chr5,223760000,224190000
,,,,,FN2271,FN2271/3,FN2271,chr5,224410000,224840000
,,,,,FN2271,FN2271/3,FN2271,chr5,224930000,225240000
,,,,,FN2271,FN2271/3,FN2271,chr5,225330000,225510000
,,,,,FN2271,FN2271/3,FN2271,chr5,225640000,225880000
,,,,,FN2271,FN2271/3,FN2271,chr5,225960000,226000000
,,,,,FN2271,FN2271/3,FN2271,chr5,226080000,226310000
,,,,,FN2271,FN2271/3,FN2271,chr5,226410000,227610000
,,,,,FN2271,FN2271/3,FN2271,chr5,227740000,227860000
,,,,,FN2271,FN2271/3,FN2271,chr5,227960000,228360000
,,,,,FN2271,FN2271/3,FN2271,chr5,228460000,228620000
,,,,,FN2271,FN2271/3,FN2271,chr5,228700000,229620000
,,,,,FN2271,FN2271/3,FN2271,chr5,229750000,229860000
,,,,,FN2271,FN2271/3,FN2271,chr5,229960000,230320000
,,,,,FN2271,FN2271/3,FN2271,chr5,230380000,230700000
,,,,,FN2271,FN2271/3,FN2271,chr5,230840000,231330000
,,,,,FN2271,FN2271/3,FN2271,chr5,231400000,231660000
,,,,,FN2271,,,,,
FN2271/3,FN2271,chr6,307170000,307450000,FN2271,FN2271/3,FN2271,chr6,307240000,307290000
,,,,,FN2271,FN2271/3,FN2271,chr6,307400000,307440000
,,,,,FN2271,,,,,
FN2271/3,FN2271,chr7,380570000,380660000,FN2271,FN2271/3,FN2271,chr7,380600000,380640000
FN2271/3,FN2271,chr7,514230000,514840000,FN2271,FN2271/3,FN2271,chr7,514240000,514830000
,,,,,,,,,,
FN2274/4,FN2274,chr4,173530000,177290000,FN2274,FN2274/4,FN2274,chr4,173530000,177290000
,,,,,FN2274,,,,,
FN2274/4,FN2274,chr6,359630000,359870000,FN2274,FN2274/4,FN2274,chr6,359630000,359870000
,,,,,FN2274,,,,,
,,,,,FN2274,FN2274/4,FN2274,chr6,373180000,373260000
,,,,,,,,,,
FN2276/3,FN2276,chr3,59830000,61310000,FN2276,FN2276/3,FN2276,chr3,59830000,61300000
,,,,,FN2276,,,,,
,,,,,FN2276,FN2276/3,FN2276,chr3,61530000,61580000
,,,,,FN2276,,,,,
FN2276/3,FN2276,chr4,86490000,86580000,FN2276,,,,,
,,,,,FN2276,,,,,
FN2276/3,FN2276,chr7,274260000,274350000,FN2276,,,,,
FN2276/3,FN2276,chr7,447320000,448410000,FN2276,FN2276/3,FN2276,chr7,447320000,448410000
,,,,,,,,,,
FN2278/1,FN2278,chr1,98920000,99460000,FN2278,FN2278/1,FN2278,chr1,98920000,99450000
,,,,,FN2278,,,,,
,,,,,FN2278,FN2278/1,FN2278,chr7,241060000,241090000
,,,,,,,,,,
FN2309/1,FN2309,chr1,31430000,31540000,FN2309,,,,,
FN2309/1,FN2309,chr1,96800000,96960000,FN2309,FN2309/1,FN2309,chr1,96910000,96960000
FN2309/1,FN2309,chr1,97060000,97160000,FN2309,,,,,
FN2309/1,FN2309,chr1,97270000,97440000,FN2309,FN2309/1,FN2309,chr1,97370000,97400000
FN2309/1,FN2309,chr1,183970000,185730000,FN2309,FN2309/1,FN2309,chr1,183970000,185720000
FN2309/1,FN2309,chr1,307220000,307310000,FN2309,,,,,
,,,,,,,,,,
FN2361/4,FN2361,chr4,126480000,127590000,FN2361,FN2361/4,FN2361,chr4,127550000,127580000
,,,,,FN2361,,,,,
,,,,,FN2361,FN2361/4,FN2361,chr6,112510000,112540000
,,,,,FN2361,,,,,
FN2361/4,FN2361,chr7,507110000,507390000,FN2361,FN2361/4,FN2361,chr7,507230000,507300000
,,,,,FN2361,,,,,
FN2361/4,FN2361,chr7,532310000,532550000,FN2361,,,,,
FN2361/4,FN2361,chr7,532610000,533380000,FN2361,,,,,
,,,,,,,,,,
FN2362/1,FN2362,chr1,191180000,194750000,FN2362,FN2362/1,FN2362,chr1,191180000,194740000
,,,,,FN2362,,,,,
,,,,,FN2362,FN2362/1,FN2362,chr1,216250000,216280000
,,,,,FN2362,,,,,
FN2362/1,FN2362,chr2,198470000,200800000,FN2362,FN2362/1,FN2362,chr2,198470000,198570000
,,,,,FN2362,FN2362/1,FN2362,chr2,198630000,200790000
,,,,,FN2362,,,,,
FN2362/1,FN2362,chr3,275400000,275500000,FN2362,,,,,
,,,,,FN2362,,,,,
FN2362/1,FN2362,chr5,237190000,237470000,FN2362,,,,,
FN2362/1,FN2362,chr5,533960000,534070000,FN2362,,,,,
,,,,,,,,,,
FN2392/4,FN2392,chr1,178440000,178550000,FN2392,FN2392/4,FN2392,chr1,178450000,178550000
FN2392/4,FN2392,chr1,320120000,320640000,FN2392,FN2392/4,FN2392,chr1,320130000,320640000
,,,,,FN2392,,,,,
FN2392/4,FN2392,chr7,165000000,165090000,FN2392,,,,,
,,,,,,,,,,
FN2409/3,FN2409,chr1,178440000,178550000,FN2409,FN2409/3,FN2409,chr1,178450000,178550000
FN2409/3,FN2409,chr1,320110000,320640000,FN2409,FN2409/3,FN2409,chr1,320130000,320640000
,,,,,,,,,,
FN2421/4,FN2421,chr2,266180000,266390000,FN2421,,,,,
FN2421/4,FN2421,chr2,266500000,267570000,FN2421,FN2421/4,FN2421,chr2,266880000,266910000
FN2421/4,FN2421,chr2,267980000,269350000,FN2421,FN2421/4,FN2421,chr2,268230000,268260000
,,,,,FN2421,FN2421/4,FN2421,chr2,268790000,268820000
,,,,,FN2421,FN2421/4,FN2421,chr2,269090000,269140000
,,,,,,,,,,
FN2431/3,FN2431,chr3,476930000,477070000,FN2431,,,,,
,,,,,FN2431,,,,,
FN2431/3,FN2431,chr5,11420000,11580000,FN2431,,,,,
FN2431/3,FN2431,chr5,485580000,485890000,FN2431,FN2431/3,FN2431,chr5,485590000,485880000
,,,,,,,,,,
FN2453/1,FN2453,chr1,105520000,105850000,FN2453,,,,,
,,,,,FN2453,,,,,
FN2453/1,FN2453,chr2,73530000,73690000,FN2453,FN2453/1,FN2453,chr2,73570000,73610000
FN2453/1,FN2453,chr2,98600000,99080000,FN2453,,,,,
,,,,,,,,,,
FN2459/3,FN2459,chr1,360740000,361040000,FN2459,FN2459/3,FN2459,chr1,360740000,361040000
,,,,,FN2459,,,,,
FN2459/3,FN2459,chr5,586690000,588980000,FN2459,FN2459/3,FN2459,chr5,586700000,588980000
,,,,,,,,,,
FN2479/3,FN2479,chr2,300530000,303010000,FN2479,FN2479/3,FN2479,chr2,300530000,303010000
,,,,,FN2479,,,,,
FN2479/3,FN2479,chr5,512800000,512950000,FN2479,FN2479/3,FN2479,chr5,512810000,512950000
,,,,,FN2479,,,,,
,,,,,FN2479,FN2479/3,FN2479,chr5,622420000,622450000
,,,,,FN2479,,,,,
,,,,,FN2479,FN2479/3,FN2479,chr6,225640000,225670000
,,,,,FN2479,,,,,
FN2479/3,FN2479,chr6,393380000,395410000,FN2479,FN2479/3,FN2479,chr6,393390000,395410000
,,,,,,,,,,
FN2501/3,FN2501,chr1,185330000,186860000,FN2501,FN2501/3,FN2501,chr1,186180000,186210000
FN2501/3,FN2501,chr1,186990000,187840000,FN2501,FN2501/3,FN2501,chr1,187370000,187400000
FN2501/3,FN2501,chr1,187920000,188060000,FN2501,FN2501/3,FN2501,chr1,188010000,188050000
,,,,,FN2501,FN2501/3,FN2501,chr1,188620000,188650000
FN2501/3,FN2501,chr1,188300000,189150000,FN2501,FN2501/3,FN2501,chr1,189340000,189370000
FN2501/3,FN2501,chr1,189210000,189470000,FN2501,,,,,
FN2501/3,FN2501,chr1,189550000,189880000,FN2501,,,,,
FN2501/3,FN2501,chr1,190000000,190160000,FN2501,,,,,
FN2501/3,FN2501,chr1,204520000,204610000,FN2501,,,,,
FN2501/3,FN2501,chr1,246890000,247220000,FN2501,,,,,
,,,,,FN2501,FN2501/3,FN2501,chr1,247290000,247320000
,,,,,,,,,,
FN2511/4,FN2511,chr3,196180000,203030000,FN2511,FN2511/4,FN2511,chr3,196190000,203020000
FN2511/4,FN2511,chr3,203300000,203500000,FN2511,FN2511/4,FN2511,chr3,203300000,203490000
,,,,,FN2511,,,,,
FN2511/4,FN2511,chr7,357460000,357600000,FN2511,FN2511/4,FN2511,chr7,357460000,357600000
,,,,,FN2511,,,,,
FN2511/4/1,FN2511,chr3,196180000,203030000,FN2511,FN2511/4/1,FN2511,chr3,196190000,203020000
FN2511/4/1,FN2511,chr3,203300000,203500000,FN2511,FN2511/4/1,FN2511,chr3,203300000,203490000
,,,,,FN2511,,,,,
FN2511/4/1,FN2511,chr7,357460000,357610000,FN2511,FN2511/4/1,FN2511,chr7,357460000,357600000
,,,,,FN2511,,,,,
FN2511/4BC1,FN2511,chr3,196190000,203030000,FN2511,FN2511/4BC1,FN2511,chr3,196190000,203020000
FN2511/4BC1,FN2511,chr3,203300000,203490000,FN2511,FN2511/4BC1,FN2511,chr3,203300000,203490000
,,,,,FN2511,,,,,
FN2511/4BC1,FN2511,chr7,357460000,357600000,FN2511,FN2511/4BC1,FN2511,chr7,357470000,357600000
,,,,,,,,,,
FN2524/1,FN2524,chr4,489890000,490040000,FN2524,,,,,
FN2524/1,FN2524,chr4,490120000,490210000,FN2524,,,,,
,,,,,,,,,,
,,,,,FN2529,FN2529/4,FN2529,chr6,480210000,480240000
,,,,,,,,,,
,FN2537,,,,FN2537,FN2537/2,FN2537,chr1,126500000,126530000
,FN2537,,,,FN2537,FN2537/2,FN2537,chr1,353720000,353770000
,,,,,FN2537,,,,,
,FN2537,,,,FN2537,FN2537/2,FN2537,chr6,182800000,182890000
,,,,,,,,,,
FN2547/3,FN2547,chr3,285060000,286330000,FN2547,FN2547/3,FN2547,chr3,285070000,286330000
,,,,,FN2547,,,,,
FN2547/3,FN2547,chr5,200600000,203960000,FN2547,FN2547/3,FN2547,chr5,200600000,203950000
,,,,,FN2547,,,,,
FN2547/3,FN2547,chr6,34600000,34950000,FN2547,,,,,
FN2547/3,FN2547,chr6,35020000,35150000,FN2547,,,,,
,,,,,,,,,,
FN2557/4,FN2557,chr5,137620000,137830000,FN2557,,,,,
,,,,,,,,,,
FN2562/1,FN2562,chr2,337140000,340120000,FN2562,FN2562/1,FN2562,chr2,337140000,340120000
,,,,,FN2562,,,,,
FN2562/1,FN2562,chr3,48760000,51150000,FN2562,FN2562/1,FN2562,chr3,48760000,51120000
,,,,,FN2562,,,,,
,,,,,FN2562,FN2562/1,FN2562,chr6,42650000,42700000
FN2562/1,FN2562,chr6,109160000,110160000,FN2562,FN2562/1,FN2562,chr6,109160000,110150000
,,,,,,,,,,
FN2570/1,FN2570,chr1,67020000,67200000,FN2570,,,,,
FN2570/1,FN2570,chr1,68430000,68600000,FN2570,,,,,
FN2570/1,FN2570,chr1,208580000,208710000,FN2570,,,,,
FN2570/1,FN2570,chr1,224970000,225090000,FN2570,,,,,
FN2570/1,FN2570,chr1,229150000,229260000,FN2570,,,,,
FN2570/1,FN2570,chr1,241270000,241720000,FN2570,,,,,
FN2570/1,FN2570,chr1,442460000,442690000,FN2570,,,,,
FN2570/1,FN2570,chr1,443680000,443770000,FN2570,,,,,
FN2570/1,FN2570,chr1,448270000,448420000,FN2570,,,,,
,,,,,FN2570,,,,,
FN2570/1,FN2570,chr2,219770000,220130000,FN2570,,,,,
FN2570/1,FN2570,chr2,226660000,226850000,FN2570,,,,,
FN2570/1,FN2570,chr2,226940000,227050000,FN2570,,,,,
FN2570/1,FN2570,chr2,243450000,243610000,FN2570,,,,,
FN2570/1,FN2570,chr2,254510000,254740000,FN2570,,,,,
FN2570/1,FN2570,chr2,415910000,416040000,FN2570,,,,,
FN2570/1,FN2570,chr2,416590000,416700000,FN2570,,,,,
FN2570/1,FN2570,chr2,417970000,418060000,FN2570,,,,,
,,,,,FN2570,,,,,
FN2570/1,FN2570,chr3,28690000,28810000,FN2570,,,,,
FN2570/1,FN2570,chr3,92910000,93020000,FN2570,,,,,
FN2570/1,FN2570,chr3,155200000,155320000,FN2570,,,,,
FN2570/1,FN2570,chr3,167600000,167700000,FN2570,,,,,
FN2570/1,FN2570,chr3,167800000,167890000,FN2570,,,,,
FN2570/1,FN2570,chr3,250870000,251150000,FN2570,,,,,
FN2570/1,FN2570,chr3,306330000,306630000,FN2570,FN2570/1,FN2570,chr3,306340000,306620000
,,,,,FN2570,,,,,
FN2570/1,FN2570,chr4,73610000,73720000,FN2570,,,,,
FN2570/1,FN2570,chr4,74720000,74980000,FN2570,,,,,
FN2570/1,FN2570,chr4,85550000,85710000,FN2570,,,,,
FN2570/1,FN2570,chr4,85830000,85950000,FN2570,,,,,
FN2570/1,FN2570,chr4,86060000,86150000,FN2570,,,,,
FN2570/1,FN2570,chr4,86480000,86780000,FN2570,,,,,
FN2570/1,FN2570,chr4,86840000,87030000,FN2570,,,,,
FN2570/1,FN2570,chr4,87090000,87460000,FN2570,,,,,
FN2570/1,FN2570,chr4,88540000,88640000,FN2570,,,,,
FN2570/1,FN2570,chr4,145140000,145700000,FN2570,,,,,
FN2570/1,FN2570,chr4,149170000,149270000,FN2570,,,,,
FN2570/1,FN2570,chr4,149580000,149670000,FN2570,,,,,
FN2570/1,FN2570,chr4,151750000,151840000,FN2570,,,,,
FN2570/1,FN2570,chr4,179830000,180050000,FN2570,,,,,
FN2570/1,FN2570,chr4,184480000,184780000,FN2570,,,,,
FN2570/1,FN2570,chr4,186400000,186510000,FN2570,,,,,
FN2570/1,FN2570,chr4,287260000,287460000,FN2570,,,,,
FN2570/1,FN2570,chr4,379190000,379290000,FN2570,,,,,
FN2570/1,FN2570,chr4,379380000,379470000,FN2570,,,,,
,,,,,FN2570,,,,,
FN2570/1,FN2570,chr5,160690000,160780000,FN2570,,,,,
FN2570/1,FN2570,chr5,238380000,238510000,FN2570,,,,,
,,,,,FN2570,,,,,
FN2570/1,FN2570,chr6,55030000,55200000,FN2570,,,,,
FN2570/1,FN2570,chr6,104760000,104850000,FN2570,,,,,
FN2570/1,FN2570,chr6,179430000,179530000,FN2570,,,,,
FN2570/1,FN2570,chr6,223930000,224060000,FN2570,,,,,
FN2570/1,FN2570,chr6,228290000,228380000,FN2570,,,,,
FN2570/1,FN2570,chr6,423180000,423630000,FN2570,FN2570/1,FN2570,chr6,423420000,423450000
,,,,,FN2570,,,,,
FN2570/1,FN2570,chr7,70000,170000,FN2570,,,,,
FN2570/1,FN2570,chr7,390000,510000,FN2570,,,,,
FN2570/1,FN2570,chr7,610000,730000,FN2570,,,,,
FN2570/1,FN2570,chr7,138480000,138590000,FN2570,,,,,
FN2570/1,FN2570,chr7,149130000,149270000,FN2570,,,,,
FN2570/1,FN2570,chr7,149470000,149580000,FN2570,,,,,
FN2570/1,FN2570,chr7,164910000,165130000,FN2570,,,,,
FN2570/1,FN2570,chr7,173450000,173690000,FN2570,,,,,
FN2570/1,FN2570,chr7,185210000,185460000,FN2570,,,,,
FN2570/1,FN2570,chr7,204200000,204290000,FN2570,,,,,
FN2570/1,FN2570,chr7,274510000,274600000,FN2570,,,,,
FN2570/1,FN2570,chr7,278960000,279080000,FN2570,,,,,
FN2570/1,FN2570,chr7,281630000,281760000,FN2570,,,,,
FN2570/1,FN2570,chr7,281990000,282120000,FN2570,,,,,
FN2570/1,FN2570,chr7,283000000,283100000,FN2570,,,,,
FN2570/1,FN2570,chr7,555160000,555250000,FN2570,,,,,
,,,,,,,,,,
FN2574/1,FN2574,chr1,271300000,274730000,FN2574,FN2574/1,FN2574,chr1,271300000,274730000
,,,,,FN2574,,,,,
FN2574/1,FN2574,chr3,328570000,328950000,FN2574,,,,,
FN2574/1,FN2574,chr3,329040000,330000000,FN2574,,,,,
,,,,,FN2574,,,,,
FN2574/1,FN2574,chr4,214480000,214620000,FN2574,FN2574/1,FN2574,chr4,214490000,214610000
,,,,,FN2574,,,,,
FN2574/1,FN2574,chr5,289150000,289280000,FN2574,FN2574/1,FN2574,chr5,289150000,289270000
,,,,,,,,,,
FN2606/3,FN2606,chr3,390830000,390940000,FN2606,FN2606/3,FN2606,chr3,390830000,390940000
FN2606/3,FN2606,chr3,395760000,396690000,FN2606,FN2606/3,FN2606,chr3,395780000,396670000
,,,,,FN2606,,,,,
FN2606/3,FN2606,chr4,131010000,131230000,FN2606,FN2606/3,FN2606,chr4,131060000,131230000
,,,,,FN2606,,,,,
FN2606/3/1,FN2606,chr3,390820000,390940000,FN2606,FN2606/3/1,FN2606,chr3,390830000,390940000
FN2606/3/1,FN2606,chr3,395760000,396690000,FN2606,FN2606/3/1,FN2606,chr3,395780000,396680000
,,,,,,,,,,
FN2611/2,FN2611,chr3,514700000,514800000,FN2611,FN2611/2,FN2611,chr3,514700000,514800000
,,,,,FN2611,,,,,
FN2611/2,FN2611,chr5,381650000,382170000,FN2611,,,,,
,,,,,FN2611,,,,,
FN2611/2,FN2611,chr6,325910000,326280000,FN2611,,,,,
,,,,,,,,,,
,,,,,FN2619,FN2619/1,FN2619,chr4,457970000,458020000
,,,,,,,,,,
FN2643/3,FN2643,chr3,250910000,251000000,FN2643,,,,,
,,,,,FN2643,,,,,
FN2643/3,FN2643,chr5,143200000,143350000,FN2643,,,,,
FN2643/3,FN2643,chr5,143430000,143530000,FN2643,,,,,
,,,,,FN2643,,,,,
,,,,,FN2643,FN2643/3,FN2643,chr7,106800000,106840000
,,,,,,,,,,
,,,,,FN2670,FN2670/3,FN2670,chr2,251830000,251900000
,,,,,FN2670,FN2670/3,FN2670,chr4,152460000,152520000
,,,,,,,,,,
FN2712/3,FN2712,chr3,404360000,404790000,FN2712,,,,,
FN2712/3,FN2712,chr3,404900000,405340000,FN2712,,,,,
,,,,,FN2712,,,,,
FN2712/3,FN2712,chr5,610220000,610740000,FN2712,,,,,
,,,,,FN2712,,,,,
FN2712/3,FN2712,chr6,408010000,408130000,FN2712,FN2712/3,FN2712,chr6,408010000,408130000
,,,,,FN2712,,,,,
FN2712/3,FN2712,chr7,139730000,139880000,FN2712,,,,,
FN2712/3,FN2712,chr7,442130000,443640000,FN2712,FN2712/3,FN2712,chr7,442130000,443640000
,,,,,,,,,,
FN2718/1,FN2718,chr2,458350000,458620000,FN2718,FN2718/1,FN2718,chr2,458360000,458610000
,,,,,FN2718,,,,,
,,,,,FN2718,FN2718/1,FN2718,chr4,337490000,337530000
,,,,,,,,,,
,,,,,FN2730,FN2730/1,FN2730,chr1,146440000,146470000
,,,,,FN2730,,,,,
FN2730/1,FN2730,chr2,269010000,269180000,FN2730,,,,,
FN2730/1,FN2730,chr2,269400000,269540000,FN2730,,,,,
FN2730/1,FN2730,chr2,269640000,269780000,FN2730,,,,,
FN2730/1,FN2730,chr2,269970000,270800000,FN2730,FN2730/1,FN2730,chr2,270110000,270140000
FN2730/1,FN2730,chr2,289030000,290590000,FN2730,FN2730/1,FN2730,chr2,290470000,290570000
FN2730/1,FN2730,chr2,290850000,291650000,FN2730,FN2730/1,FN2730,chr2,291490000,291520000
FN2730/1,FN2730,chr2,291740000,291900000,FN2730,FN2730/1,FN2730,chr2,291700000,291770000
FN2730/1,FN2730,chr2,291970000,292670000,FN2730,FN2730/1,FN2730,chr2,292620000,292660000
,,,,,FN2730,,,,,
,,,,,FN2730,FN2730/1,FN2730,chr6,417060000,417110000
,,,,,,,,,,
FN2751/1,FN2751,chr3,426470000,426930000,FN2751,FN2751/1,FN2751,chr3,426490000,426920000
,,,,,,,,,,
FN2755/1,FN2755,chr2,205180000,206170000,FN2755,FN2755/1,FN2755,chr2,205370000,205400000
,,,,,FN2755,FN2755/1,FN2755,chr2,205580000,205610000
FN2755/1,FN2755,chr2,206310000,206980000,FN2755,FN2755/1,FN2755,chr2,206330000,206360000
,,,,,FN2755,FN2755/1,FN2755,chr2,206550000,206580000
FN2755/1,FN2755,chr2,207110000,208930000,FN2755,FN2755/1,FN2755,chr2,207040000,207070000
,,,,,FN2755,FN2755/1,FN2755,chr2,207870000,207900000
,,,,,FN2755,FN2755/1,FN2755,chr2,208060000,208090000
,,,,,FN2755,FN2755/1,FN2755,chr2,208320000,208370000
FN2755/1,FN2755,chr2,209040000,209430000,FN2755,FN2755/1,FN2755,chr2,209720000,209750000
FN2755/1,FN2755,chr2,209510000,214120000,FN2755,FN2755/1,FN2755,chr2,210070000,210170000
,,,,,FN2755,FN2755/1,FN2755,chr2,210320000,210360000
,,,,,FN2755,FN2755/1,FN2755,chr2,210990000,211030000
,,,,,FN2755,FN2755/1,FN2755,chr2,211450000,211490000
,,,,,FN2755,FN2755/1,FN2755,chr2,213060000,213100000
FN2755/1,FN2755,chr2,214300000,214470000,FN2755,,,,,
FN2755/1,FN2755,chr2,214550000,215490000,FN2755,,,,,
FN2755/1,FN2755,chr2,215560000,216700000,FN2755,,,,,
FN2755/1,FN2755,chr2,216920000,217070000,FN2755,,,,,
FN2755/1,FN2755,chr2,217170000,217270000,FN2755,,,,,
FN2755/1,FN2755,chr2,217350000,217500000,FN2755,,,,,
FN2755/1,FN2755,chr2,217640000,218990000,FN2755,FN2755/1,FN2755,chr2,217710000,217810000
,,,,,FN2755,FN2755/1,FN2755,chr2,218040000,218070000
,,,,,FN2755,FN2755/1,FN2755,chr2,218900000,218940000
FN2755/1,FN2755,chr2,219100000,219360000,FN2755,FN2755/1,FN2755,chr2,219320000,219360000
FN2755/1,FN2755,chr2,219460000,219670000,FN2755,,,,,
FN2755/1,FN2755,chr2,219740000,220930000,FN2755,,,,,
FN2755/1,FN2755,chr2,221000000,221810000,FN2755,FN2755/1,FN2755,chr2,222110000,222140000
FN2755/1,FN2755,chr2,221940000,225240000,FN2755,FN2755/1,FN2755,chr2,223130000,223170000
,,,,,FN2755,FN2755/1,FN2755,chr2,224340000,224380000
,,,,,FN2755,,,,,
FN2755/1,FN2755,chr4,250160000,250870000,FN2755,,,,,
,,,,,FN2755,,,,,
FN2755/1,FN2755,chr5,416790000,416890000,FN2755,FN2755/1,FN2755,chr5,416820000,416890000
,,,,,,,,,,
FN2764/4,FN2764,chr6,205970000,206360000,FN2764,FN2764/4,FN2764,chr6,205980000,206360000
,,,,,,,,,,
FN2769/4,FN2769,chr6,205980000,206360000,FN2769,FN2769/4,FN2769,chr6,205980000,206360000
,,,,,,,,,,
,,,,,FN2785,FN2785/4,FN2785,chr1,387000000,387060000
,,,,,FN2785,,,,,
FN2785/4,FN2785,chr6,73120000,74350000,FN2785,FN2785/4,FN2785,chr6,73130000,74350000
,,,,,,,,,,
FN2786/1,FN2786,chr1,134370000,135570000,FN2786,FN2786/1,FN2786,chr1,134380000,135570000
,,,,,FN2786,,,,,
FN2786/1,FN2786,chr3,382250000,383090000,FN2786,FN2786/1,FN2786,chr3,382250000,383090000
,,,,,,,,,,
FN2792/4,FN2792,chr7,23600000,23760000,FN2792,FN2792/4,FN2792,chr7,23610000,23760000
,,,,,,,,,,
FN2807/1,FN2807,chr1,212520000,212610000,FN2807,,,,,
,,,,,FN2807,,,,,
FN2807/1,FN2807,chr5,158510000,158860000,FN2807,FN2807/1,FN2807,chr5,158510000,158850000
,,,,,FN2807,,,,,
FN2807/1,FN2807,chr6,124350000,127550000,FN2807,FN2807/1,FN2807,chr6,124360000,127550000
,,,,,FN2807,,,,,
FN2807/1/1MA1,FN2807,chr1,211960000,212680000,FN2807,FN2807/1/1MA1,FN2807,chr1,211960000,212670000
,,,,,FN2807,FN2807/1/1MA1,FN2807,chr1,212730000,212770000
FN2807/1/1MA1,FN2807,chr1,331030000,332000000,FN2807,FN2807/1/1MA1,FN2807,chr1,331030000,332000000
,,,,,FN2807,,,,,
,,,,,FN2807,FN2807/1/1MA1,FN2807,chr4,172920000,172950000
,,,,,FN2807,FN2807/1/1MA1,FN2807,chr4,488310000,488340000
,,,,,FN2807,,,,,
FN2807/1/1MA1,FN2807,chr5,158510000,158850000,FN2807,FN2807/1/1MA1,FN2807,chr5,158510000,158850000
,,,,,FN2807,,,,,
FN2807/1/1MA1,FN2807,chr6,124350000,127550000,FN2807,FN2807/1/1MA1,FN2807,chr6,124360000,127540000
,,,,,FN2807,,,,,
FN2807/1/1MA2,FN2807,chr1,211950000,212680000,FN2807,FN2807/1/1MA2,FN2807,chr1,211960000,212670000
,,,,,FN2807,FN2807/1/1MA2,FN2807,chr1,212730000,212780000
FN2807/1/1MA2,FN2807,chr1,331100000,331400000,FN2807,,,,,
FN2807/1/1MA2,FN2807,chr1,331800000,331990000,FN2807,,,,,
,,,,,FN2807,FN2807/1/1MA2,FN2807,chr1,439020000,439050000
,,,,,FN2807,,,,,
,,,,,FN2807,FN2807/1/1MA2,FN2807,chr4,172920000,172950000
,,,,,FN2807,FN2807/1/1MA2,FN2807,chr4,488320000,488350000
,,,,,FN2807,,,,,
FN2807/1/1MA2,FN2807,chr5,158510000,158860000,FN2807,FN2807/1/1MA2,FN2807,chr5,158510000,158850000
,,,,,FN2807,,,,,
FN2807/1/1MA2,FN2807,chr6,124350000,127550000,FN2807,FN2807/1/1MA2,FN2807,chr6,124350000,127550000
,,,,,FN2807,,,,,
,,,,,FN2807,FN2807/1/1MA2,FN2807,chr7,536140000,536170000
,,,,,,,,,,
FN2810,FN2810,chr2,250930000,251220000,FN2810,,,,,
FN2810,FN2810,chr2,251350000,251800000,FN2810,,,,,
FN2810,FN2810,chr2,252000000,252540000,FN2810,,,,,
FN2810,FN2810,chr2,252620000,253100000,FN2810,,,,,
FN2810,FN2810,chr2,253470000,253760000,FN2810,,,,,
FN2810,FN2810,chr2,253820000,254170000,FN2810,,,,,
FN2810,FN2810,chr2,256300000,256520000,FN2810,,,,,
FN2810,FN2810,chr2,256610000,256820000,FN2810,,,,,
FN2810,FN2810,chr2,257000000,257840000,FN2810,,,,,
FN2810,FN2810,chr2,257930000,258120000,FN2810,FN2810,FN2810,chr2,258010000,258040000
FN2810,FN2810,chr2,258220000,258940000,FN2810,,,,,
FN2810,FN2810,chr2,259010000,259680000,FN2810,FN2810,FN2810,chr2,259150000,259180000
,,,,,FN2810,FN2810,FN2810,chr2,259590000,259620000
FN2810,FN2810,chr2,260180000,260450000,FN2810,,,,,
FN2810,FN2810,chr2,260550000,260830000,FN2810,,,,,
FN2810,FN2810,chr2,261010000,261860000,FN2810,,,,,
FN2810,FN2810,chr2,261930000,262040000,FN2810,,,,,
,,,,,FN2810,,,,,
FN2810,FN2810,chr3,187860000,189140000,FN2810,FN2810,FN2810,chr3,187870000,189140000
,,,,,,,,,,
FN2826/2,FN2826,chr1,99740000,99900000,FN2826,FN2826/2,FN2826,chr1,99740000,99890000
FN2826/2,FN2826,chr1,468480000,468800000,FN2826,,,,,
,,,,,,,,,,
FN2829/2,FN2829,chr5,345170000,345350000,FN2829,,,,,
FN2829/2,FN2829,chr5,540720000,540830000,FN2829,,,,,
,,,,,FN2829,,,,,
,,,,,FN2829,FN2829/2,FN2829,chr6,232330000,232380000
,,,,,FN2829,,,,,
FN2829/2,FN2829,chr7,52740000,53280000,FN2829,,,,,
FN2829/2,FN2829,chr7,53350000,54150000,FN2829,FN2829/2,FN2829,chr7,54060000,54090000
,,,,,,,,,,
FN2830/1BC1,FN2830,chr3,197060000,201470000,FN2830,FN2830/1BC1,FN2830,chr3,197070000,201460000
,,,,,,,,,,
FN2840/1,FN2840,chr1,53350000,53540000,FN2840,,,,,
,,,,,FN2840,,,,,
FN2840/1,FN2840,chr4,173560000,174910000,FN2840,FN2840/1,FN2840,chr4,173580000,174900000
,,,,,FN2840,,,,,
FN2840/1,FN2840,chr5,276730000,277940000,FN2840,FN2840/1,FN2840,chr5,276730000,277940000
FN2840/1,FN2840,chr5,423260000,423370000,FN2840,FN2840/1,FN2840,chr5,423270000,423360000
,,,,,FN2840,,,,,
FN2840/1,FN2840,chr7,136580000,137400000,FN2840,FN2840/1,FN2840,chr7,136590000,137400000
,,,,,,,,,,
,,,,,FN2848,FN2848/1,FN2848,chr1,222740000,222770000
,,,,,FN2848,,,,,
FN2848/1,FN2848,chr4,51460000,52160000,FN2848,FN2848/1,FN2848,chr4,51380000,52210000
FN2848/1,FN2848,chr4,55320000,57470000,FN2848,FN2848/1,FN2848,chr4,55330000,57170000
,,,,,FN2848,FN2848/1,FN2848,chr4,57280000,57400000
,,,,,FN2848,,,,,
FN2848/1,FN2848,chr5,271270000,272040000,FN2848,FN2848/1,FN2848,chr5,271480000,271520000
,,,,,FN2848,FN2848/1,FN2848,chr5,271970000,272000000
FN2848/1,FN2848,chr5,271050000,271160000,FN2848,,,,,
FN2848/1,FN2848,chr5,272110000,272380000,FN2848,,,,,
FN2848/1,FN2848,chr5,272450000,272540000,FN2848,,,,,
FN2848/1,FN2848,chr5,272640000,272780000,FN2848,,,,,
FN2848/1,FN2848,chr5,272840000,273570000,FN2848,,,,,
FN2848/1,FN2848,chr5,273690000,274860000,FN2848,FN2848/1,FN2848,chr5,273440000,273470000
,,,,,FN2848,FN2848/1,FN2848,chr5,274390000,274440000
FN2848/1,FN2848,chr5,274920000,275170000,FN2848,,,,,
FN2848/1,FN2848,chr5,275250000,275810000,FN2848,,,,,
FN2848/1,FN2848,chr5,275900000,276030000,FN2848,FN2848/1,FN2848,chr5,275910000,276020000
FN2848/1,FN2848,chr5,276090000,276800000,FN2848,,,,,
FN2848/1,FN2848,chr5,276960000,278010000,FN2848,FN2848/1,FN2848,chr5,277330000,277360000
,,,,,FN2848,FN2848/1,FN2848,chr5,277940000,277970000
,,,,,FN2848,,,,,
FN2848/1/1,FN2848,chr4,51450000,52160000,FN2848,FN2848/1/1,FN2848,chr4,51380000,52210000
FN2848/1/1,FN2848,chr4,55320000,57500000,FN2848,FN2848/1/1,FN2848,chr4,55330000,57170000
,,,,,FN2848,FN2848/1/1,FN2848,chr4,57230000,57390000
,,,,,,,,,,
FN2848/1/2,FN2848,chr4,51380000,52160000,FN2848,FN2848/1/2,FN2848,chr4,51380000,52210000
FN2848/1/2,FN2848,chr4,55320000,57500000,FN2848,FN2848/1/2,FN2848,chr4,55320000,57190000
,,,,,FN2848,FN2848/1/2,FN2848,chr4,57280000,57390000
,,,,,FN2848,,,,,
FN2848/1/2,FN2848,chr5,19200000,19290000,FN2848,,,,,
,,,,,FN2848,,,,,
FN2848/4,FN2848,chr4,51460000,52160000,FN2848,FN2848/4,FN2848,chr4,51380000,52210000
FN2848/4,FN2848,chr4,55320000,57500000,FN2848,FN2848/4,FN2848,chr4,55330000,57170000
,,,,,FN2848,FN2848/4,FN2848,chr4,57260000,57380000
,,,,,FN2848,,,,,
FN2848/4,FN2848,chr5,19200000,19290000,FN2848,FN2848/4,FN2848,chr5,19200000,19290000
,,,,,FN2848,,,,,
FN2848/4/1,FN2848,chr4,51450000,52160000,FN2848,FN2848/4/1,FN2848,chr4,51380000,52160000
FN2848/4/1,FN2848,chr4,55320000,57500000,FN2848,FN2848/4/1,FN2848,chr4,55330000,57180000
,,,,,FN2848,FN2848/4/1,FN2848,chr4,57280000,57390000
,,,,,,,,,,
FN2853/1,FN2853,chr1,27110000,27210000,FN2853,FN2853/1,FN2853,chr1,27110000,27210000
,,,,,FN2853,,,,,
FN2853/1,FN2853,chr3,152350000,152440000,FN2853,,,,,
FN2853/1,FN2853,chr3,152760000,152880000,FN2853,,,,,
FN2853/1,FN2853,chr3,153170000,154520000,FN2853,FN2853/1,FN2853,chr3,153670000,153710000
,,,,,FN2853,FN2853/1,FN2853,chr3,154110000,154150000
,,,,,FN2853,FN2853/1,FN2853,chr3,154350000,154380000
FN2853/1,FN2853,chr3,154590000,155760000,FN2853,FN2853/1,FN2853,chr3,155250000,155280000
FN2853/1,FN2853,chr3,166540000,167600000,FN2853,FN2853/1,FN2853,chr3,166800000,166830000
,,,,,FN2853,FN2853/1,FN2853,chr3,166990000,167030000
,,,,,FN2853,FN2853/1,FN2853,chr3,167350000,167390000
FN2853/1,FN2853,chr3,177410000,177530000,FN2853,,,,,
FN2853/1,FN2853,chr3,480320000,481590000,FN2853,FN2853/1,FN2853,chr3,480360000,480390000
,,,,,FN2853,FN2853/1,FN2853,chr3,480480000,480510000
,,,,,FN2853,FN2853/1,FN2853,chr3,480800000,480850000
,,,,,FN2853,FN2853/1,FN2853,chr3,481200000,481230000
,,,,,FN2853,FN2853/1,FN2853,chr3,481370000,481420000
,,,,,FN2853,,,,,
FN2853/1,FN2853,chr4,76700000,76800000,FN2853,,,,,
,,,,,,,,,,
,,,,,FN2864,FN2864/1,FN2864,chr2,173660000,173690000
,,,,,FN2864,,,,,
FN2864/1,FN2864,chr4,75210000,75600000,FN2864,FN2864/1,FN2864,chr4,75220000,75580000
,,,,,FN2864,FN2864/1,FN2864,chr4,76370000,76410000
FN2864/1,FN2864,chr4,78680000,84680000,FN2864,FN2864/1,FN2864,chr4,78700000,84670000
FN2864/1,FN2864,chr4,85980000,87510000,FN2864,FN2864/1,FN2864,chr4,86030000,87510000
,,,,,,,,,,
FN2868/3,FN2868,chr7,369000000,369160000,FN2868,FN2868/3,FN2868,chr7,368750000,368820000
,,,,,FN2868,FN2868/3,FN2868,chr7,369000000,369150000
FN2868/3,FN2868,chr7,423440000,423710000,FN2868,FN2868/3,FN2868,chr7,423450000,423710000
,,,,,,,,,,
FN2870/2,FN2870,chr4,173570000,174910000,FN2870,FN2870/2,FN2870,chr4,173570000,174900000
,,,,,,,,,,
FN2892/3,FN2892,chr2,129440000,130530000,FN2892,FN2892/3,FN2892,chr2,129440000,130530000
,,,,,FN2892,,,,,
FN2892/3,FN2892,chr4,135860000,137640000,FN2892,FN2892/3,FN2892,chr4,135860000,137630000
FN2892/3,FN2892,chr4,327360000,327550000,FN2892,FN2892/3,FN2892,chr4,327380000,327410000
FN2892/3,FN2892,chr4,327740000,328020000,FN2892,FN2892/3,FN2892,chr4,327700000,327730000
,,,,,FN2892,,,,,
FN2892/3,FN2892,chr6,493030000,493170000,FN2892,FN2892/3,FN2892,chr6,493030000,493160000
FN2892/3,FN2892,chr6,503760000,504320000,FN2892,FN2892/3,FN2892,chr6,503770000,504310000
,,,,,,,,,,
,,,,,FN2916,FN2916/4,FN2916,chr3,38860000,38920000
,,,,,FN2916,FN2916/4,FN2916,chr3,56130000,56170000
,,,,,,,,,,
FN2918/1,FN2918,chr7,112610000,113270000,FN2918,FN2918/1,FN2918,chr7,112720000,112760000
FN2918/1,FN2918,chr7,113350000,113480000,FN2918,,,,,
FN2918/1,FN2918,chr7,351390000,351560000,FN2918,FN2918/1,FN2918,chr7,351390000,351540000
,,,,,,,,,,
FN2919/3,FN2919,chr3,298690000,298860000,FN2919,FN2919/3,FN2919,chr3,298700000,298860000
,,,,,FN2919,FN2919/3,FN2919,chr3,361520000,361570000
,,,,,FN2919,FN2919/3,FN2919,chr3,362100000,362140000
FN2919/3,FN2919,chr3,362670000,363920000,FN2919,FN2919/3,FN2919,chr3,362670000,363920000
,,,,,FN2919,,,,,
FN2919/3,FN2919,chr6,14220000,14330000,FN2919,,,,,
,,,,,FN2919,,,,,
FN2919/3,FN2919,chr7,85310000,87230000,FN2919,FN2919/3,FN2919,chr7,85310000,87230000
,,,,,,,,,,
FN2938/1,FN2938,chr2,126180000,126400000,FN2938,FN2938/1,FN2938,chr2,126180000,126400000
,,,,,,,,,,
FN2954/1,FN2954,chr2,87210000,87970000,FN2954,FN2954/1,FN2954,chr2,87210000,87960000
,,,,,,,,,,
FN2958/1,FN2958,chr4,107580000,109110000,FN2958,FN2958/1,FN2958,chr4,107590000,109100000
FN2958/1,FN2958,chr4,379180000,379280000,FN2958,,,,,
,,,,,FN2958,,,,,
,,,,,FN2958,FN2958/1,FN2958,chr7,188830000,188890000
FN2958/1,FN2958,chr7,463860000,464560000,FN2958,FN2958/1,FN2958,chr7,463870000,464560000
,,,,,,,,,,
FN2971/1,FN2971,chr2,236110000,237520000,FN2971,FN2971/1,FN2971,chr2,236110000,236610000
,,,,,FN2971,FN2971/1,FN2971,chr2,236690000,236770000
,,,,,FN2971,FN2971/1,FN2971,chr2,236840000,237490000
FN2971/1,FN2971,chr2,237580000,237710000,FN2971,FN2971/1,FN2971,chr2,237580000,237710000
,,,,,FN2971,,,,,
FN2971/1,FN2971,chr5,127290000,127770000,FN2971,,,,,
,,,,,,,,,,
FN2993/2,FN2993,chr5,106710000,106860000,FN2993,FN2993/2,FN2993,chr5,106720000,106860000
,,,,,FN2993,,,,,
FN2993/2,FN2993,chr6,388950000,389080000,FN2993,FN2993/2,FN2993,chr6,389850000,389880000
FN2993/2,FN2993,chr6,389160000,390210000,FN2993,,,,,
FN2993/2,FN2993,chr6,478980000,479460000,FN2993,FN2993/2,FN2993,chr6,479090000,479120000
,,,,,,,,,,
FN3006/14,FN3006,chr5,401310000,401410000,FN3006,FN3006/14,FN3006,chr5,401310000,401400000
,,,,,FN3006,,,,,
,,,,,FN3006,FN3006/14,FN3006,chr7,494880000,494920000
,,,,,,,,,,
FN3021/713,FN3021,chr1,211960000,212680000,FN3021,,,,,
,,,,,FN3021,,,,,
FN3021/713,FN3021,chr3,10960000,11280000,FN3021,,,,,
FN3021/713,FN3021,chr3,11470000,11780000,FN3021,,,,,
FN3021/713,FN3021,chr3,11880000,12190000,FN3021,FN3021/713,FN3021,chr3,11900000,11930000
,,,,,FN3021,,,,,
FN3021/713,FN3021,chr6,209940000,210820000,FN3021,,,,,
FN3021/713,FN3021,chr6,210890000,211340000,FN3021,,,,,
FN3021/713,FN3021,chr6,211430000,212070000,FN3021,FN3021/713,FN3021,chr6,211740000,211770000
FN3021/713,FN3021,chr6,212150000,212430000,FN3021,,,,,
FN3021/713,FN3021,chr6,212800000,213000000,FN3021,,,,,
FN3021/713,FN3021,chr6,213150000,213700000,FN3021,,,,,
FN3021/713,FN3021,chr6,213860000,214020000,FN3021,,,,,
FN3021/713,FN3021,chr6,454260000,454390000,FN3021,FN3021/713,FN3021,chr6,454260000,454390000
,,,,,FN3021,,,,,
FN3021/713,FN3021,chr7,386980000,387310000,FN3021,FN3021/713,FN3021,chr7,386990000,387310000
,,,,,,,,,,
FN3046/67,FN3046,chr1,368110000,368990000,FN3046,FN3046/67,FN3046,chr1,368110000,368980000
,,,,,,,,,,
FN3077/881,FN3077,chr3,198070000,204170000,FN3077,FN3077/881,FN3077,chr3,198190000,204150000
,,,,,FN3077,,,,,
,,,,,FN3077,FN3077/881,FN3077,chr4,262270000,262340000
,,,,,FN3077,,,,,
FN3077/881,FN3077,chr6,171360000,174600000,FN3077,FN3077/881,FN3077,chr6,171370000,174600000
,,,,,FN3077,,,,,
FN3077/881,FN3077,chr7,73090000,73470000,FN3077,FN3077/881,FN3077,chr7,73440000,73470000
,,,,,,,,,,
FN3137/1140,FN3137,chr1,465950000,468350000,FN3137,FN3137/1140,FN3137,chr1,465950000,468350000
,,,,,FN3137,,,,,
FN3137/1140,FN3137,chr5,488810000,488920000,FN3137,,,,,
,,,,,FN3137,,,,,
FN3137/1140,FN3137,chr6,498440000,498680000,FN3137,FN3137/1140,FN3137,chr6,498440000,498670000
,,,,,,,,,,
FN3150/1173,FN3150,chr3,92830000,92950000,FN3150,,,,,
,,,,,FN3150,,,,,
FN3150/1173,FN3150,chr7,475160000,475250000,FN3150,,,,,
,,,,,,,,,,
FN3171/143,FN3171,chr1,252620000,252940000,FN3171,FN3171/143,FN3171,chr1,252620000,252940000
FN3171/143,FN3171,chr1,432360000,432540000,FN3171,FN3171/143,FN3171,chr1,432510000,432540000
,,,,,,,,,,
FN3185/1325,FN3185,chr3,317250000,320440000,FN3185,FN3185/1325,FN3185,chr3,316720000,316750000
,,,,,FN3185,FN3185/1325,FN3185,chr3,317250000,320440000
FN3185/1325,FN3185,chr3,321350000,321570000,FN3185,FN3185/1325,FN3185,chr3,321350000,321570000
,,,,,FN3185,,,,,
FN3185/1325,FN3185,chr4,142320000,143230000,FN3185,FN3185/1325,FN3185,chr4,142320000,143230000
,,,,,FN3185,,,,,
FN3185/1325,FN3185,chr5,212360000,212500000,FN3185,FN3185/1325,FN3185,chr5,212180000,212320000
,,,,,FN3185,FN3185/1325,FN3185,chr5,212380000,212490000
,,,,,FN3185,,,,,
FN3185/1325,FN3185,chr7,498370000,499070000,FN3185,,,,,
FN3185/1325,FN3185,chr7,499790000,500730000,FN3185,FN3185/1325,FN3185,chr7,498380000,499060000
,,,,,FN3185,FN3185/1325,FN3185,chr7,499790000,500700000
,,,,,,,,,,
FN3194/1343,FN3194,chr1,278680000,279060000,FN3194,FN3194/1343,FN3194,chr1,278700000,279060000
FN3194/1343,FN3194,chr1,368290000,369060000,FN3194,FN3194/1343,FN3194,chr1,368290000,369130000
,,,,,FN3194,FN3194/1343,FN3194,chr1,370550000,370620000
,,,,,FN3194,,,,,
FN3194/1343,FN3194,chr3,376200000,376290000,FN3194,FN3194/1343,FN3194,chr3,376200000,376290000
,,,,,,,,,,
FN3286/721,FN3286,chr4,73370000,73820000,FN3286,FN3286/721,FN3286,chr4,73370000,73820000
FN3286/721,FN3286,chr4,153470000,154120000,FN3286,FN3286/721,FN3286,chr4,153480000,154120000
,,,,,FN3286,FN3286/721,FN3286,chr4,480190000,480220000
,,,,,,,,,,
FN3362/1998,FN3362,chr5,227290000,228470000,FN3362,FN3362/1998,FN3362,chr5,227290000,228460000
,,,,,,,,,,
FN3403/288,FN3403,chr5,367300000,367690000,FN3403,,,,,
FN3403/288,FN3403,chr5,367790000,368210000,FN3403,,,,,
,,,,,FN3403,,,,,
FN3403/288,FN3403,chr7,323300000,324750000,FN3403,FN3403/288,FN3403,chr7,323310000,324750000
,,,,,FN3403,,,,,
,FN3403,,,,FN3403,FN3403/288/1,FN3403,chr1,287780000,287810000
,,,,,FN3403,,,,,
FN3403/288/1,FN3403,chr2,351830000,351980000,FN3403,FN3403/288/1,FN3403,chr2,351830000,351980000
,,,,,FN3403,,,,,
FN3403/288/1,FN3403,chr5,367100000,368220000,FN3403,FN3403/288/1,FN3403,chr5,367100000,368210000
,,,,,FN3403,,,,,
FN3403/288/1,FN3403,chr7,323300000,324750000,FN3403,FN3403/288/1,FN3403,chr7,323310000,324750000
,,,,,FN3403,,,,,
FN3403/288/2,FN3403,chr2,351830000,351980000,FN3403,FN3403/288/2,FN3403,chr2,351830000,351970000
,,,,,FN3403,,,,,
FN3403/288/2,FN3403,chr5,367100000,368220000,FN3403,FN3403/288/2,FN3403,chr5,367100000,368210000
,,,,,FN3403,,,,,
FN3403/288/2,FN3403,chr7,323300000,324750000,FN3403,FN3403/288/2,FN3403,chr7,323310000,324750000
,,,,,,,,,,
FN3433/2317,FN3433,chr3,434280000,434380000,FN3433,,,,,
,,,,,,,,,,
FN3521/349/2,FN3521,chr2,93360000,93610000,FN3521,,,,,
,,,,,FN3521,,,,,
FN3521/349/2,FN3521,chr3,316560000,316720000,FN3521,,,,,
,,,,,FN3521,,,,,
FN3521/349/2,FN3521,chr5,155250000,155400000,FN3521,,,,,
FN3521/349/2,FN3521,chr5,492160000,492280000,FN3521,FN3521/349/2,FN3521,chr5,492480000,492510000
FN3521/349/2,FN3521,chr5,492380000,492770000,FN3521,,,,,
,,,,,,,,,,
FN3538/364,FN3538,chr1,213670000,213930000,FN3538,FN3538/364,FN3538,chr1,213680000,213930000
FN3538/369,FN3538,chr1,213670000,213930000,FN3538,FN3538/369,FN3538,chr1,213680000,213930000
,,,,,,,,,,
FN3595/381,FN3595,chr2,213420000,217610000,FN3595,FN3595/381,FN3595,chr2,213420000,217610000
,,,,,FN3595,,,,,
FN3595/381,FN3595,chr4,118180000,120350000,FN3595,FN3595/381,FN3595,chr4,118180000,120350000
,,,,,FN3595,FN3595/381,FN3595,chr4,315060000,315090000
,,,,,FN3595,,,,,
FN3595/381,FN3595,chr5,178700000,178980000,FN3595,FN3595/381,FN3595,chr5,178700000,178970000
FN3595/381,FN3595,chr5,181010000,181120000,FN3595,FN3595/381,FN3595,chr5,181010000,181100000
,,,,,,,,,,
FN3690/3324,FN3690,chr3,252000000,252360000,FN3690,FN3690/3324,FN3690,chr3,252000000,252350000
FN3690/3324,FN3690,chr3,403070000,403830000,FN3690,,,,,
,,,,,FN3690,,,,,
FN3690/3325,FN3690,chr3,403030000,403830000,FN3690,FN3690/3325,FN3690,chr3,403030000,403830000
FN3690/3325,FN3690,chr3,405020000,405110000,FN3690,FN3690/3325,FN3690,chr3,405020000,405110000
,,,,,FN3690,,,,,
FN3690/3325A1,FN3690,chr1,211960000,212680000,FN3690,,,,,
,,,,,FN3690,,,,,
,,,,,FN3690,FN3690/3325A1,FN3690,chr2,206950000,206990000
,,,,,FN3690,,,,,
FN3690/3325A1,FN3690,chr3,403030000,403830000,FN3690,FN3690/3325A1,FN3690,chr3,403030000,403830000
FN3690/3325A1,FN3690,chr3,405020000,405110000,FN3690,FN3690/3325A1,FN3690,chr3,405020000,405110000
,,,,,FN3690,,,,,
FN3690/3325A2,FN3690,chr1,211960000,212680000,FN3690,FN3690/3325A2,FN3690,chr1,211970000,212770000
,,,,,FN3690,FN3690/3325A2,FN3690,chr1,439020000,439050000
,,,,,FN3690,,,,,
FN3690/3325A2,FN3690,chr3,403030000,403830000,FN3690,FN3690/3325A2,FN3690,chr3,403050000,403830000
FN3690/3325A2,FN3690,chr3,405020000,405110000,FN3690,FN3690/3325A2,FN3690,chr3,405020000,405110000
,,,,,FN3690,,,,,
FN3690/3327,FN3690,chr3,252000000,252360000,FN3690,,,,,
FN3690/3327,FN3690,chr3,403100000,403840000,FN3690,,,,,
FN3690/3327,FN3690,chr3,405020000,405110000,FN3690,,,,,
,,,,,,,,,,
FN3742/3572,FN3742,chr2,56970000,57210000,FN3742,FN3742/3572,FN3742,chr2,56970000,57200000
FN3742/3572,FN3742,chr2,397490000,397630000,FN3742,FN3742/3572,FN3742,chr2,397490000,397620000
,,,,,FN3742,,,,,
FN3742/3572,FN3742,chr4,84220000,84750000,FN3742,FN3742/3572,FN3742,chr4,84230000,84740000
FN3742/3572,FN3742,chr4,85640000,87330000,FN3742,FN3742/3572,FN3742,chr4,85660000,87110000
,,,,,FN3742,FN3742/3572,FN3742,chr4,87200000,87240000
,,,,,,,,,,
FN3742/3572,FN3742,chr6,431350000,431670000,FN3742,FN3742/3572,FN3742,chr6,431350000,431650000
,,,,,,,,,,
FN3774/520,FN3774,chr3,74050000,74250000,FN3774,FN3774/520,FN3774,chr3,74050000,74240000
,,,,,FN3774,,,,,
,,,,,FN3774,FN3774/520,FN3774,chr7,499210000,499240000
,,,,,,,,,,
FN3790/560,FN3790,chr1,183350000,183910000,FN3790,FN3790/560,FN3790,chr1,183360000,183900000
,,,,,FN3790,,,,,
FN3790/560,FN3790,chr2,169640000,169750000,FN3790,,,,,
FN3790/560,FN3790,chr2,273030000,273160000,FN3790,,,,,
FN3790/560,FN3790,chr2,273260000,274870000,FN3790,,,,,
,,,,,,,,,,
FN3808/590A1,FN3808,chr1,211960000,212680000,FN3808,,,,,
,,,,,FN3808,,,,,
FN3808/590A1,FN3808,chr2,232290000,232440000,FN3808,,,,,
,,,,,FN3808,,,,,
FN3808/590A1,FN3808,chr3,11090000,11540000,FN3808,FN3808/590A1,FN3808,chr3,11090000,11540000
FN3808/590A1,FN3808,chr3,47440000,48260000,FN3808,FN3808/590A1,FN3808,chr3,47470000,48260000
,,,,,FN3808,,,,,
FN3808/590A1,FN3808,chr5,510900000,511030000,FN3808,FN3808/590A1,FN3808,chr5,510900000,511030000
,,,,,FN3808,,,,,
FN3808/590A1,FN3808,chr6,213320000,213830000,FN3808,FN3808/590A1,FN3808,chr6,213320000,213820000
FN3808/590A1,FN3808,chr6,530290000,530440000,FN3808,,,,,
,,,,,FN3808,,,,,
FN3808/590A2,FN3808,chr1,211960000,212680000,FN3808,,,,,
,,,,,FN3808,,,,,
FN3808/590A2,FN3808,chr2,232210000,232550000,FN3808,FN3808/590A2,FN3808,chr2,232220000,232540000
,,,,,FN3808,,,,,
FN3808/590A2,FN3808,chr3,11090000,11540000,FN3808,FN3808/590A2,FN3808,chr3,11090000,11530000
FN3808/590A2,FN3808,chr3,47440000,48260000,FN3808,FN3808/590A2,FN3808,chr3,47470000,48260000
,,,,,FN3808,,,,,
FN3808/590A2,FN3808,chr5,510890000,511030000,FN3808,FN3808/590A2,FN3808,chr5,510900000,511020000
,,,,,FN3808,,,,,
FN3808/590A2,FN3808,chr6,213320000,213840000,FN3808,FN3808/590A2,FN3808,chr6,213320000,213820000
,,,,,,,,,,
FN3826/3868,FN3826,chr2,212600000,214140000,FN3826,FN3826/3868,FN3826,chr2,212610000,214140000
,,,,,,,,,,
FN3862/4047A1,FN3862,chr1,74800000,74900000,FN3862,FN3862/4047A1,FN3862,chr1,74810000,74900000
FN3862/4047A1,FN3862,chr1,211960000,212680000,FN3862,,,,,
FN3862/4047A1,FN3862,chr1,213660000,213920000,FN3862,,,,,
,,,,,FN3862,,,,,
,,,,,FN3862,FN3862/4047A1,FN3862,chr7,536820000,536880000
,,,,,FN3862,,,,,
FN3862/4047A2,FN3862,chr1,74800000,74900000,FN3862,FN3862/4047A2,FN3862,chr1,74810000,74900000
FN3862/4047A2,FN3862,chr1,211960000,212680000,FN3862,,,,,
FN3862/4047A2,FN3862,chr1,213670000,213930000,FN3862,FN3862/4047A2,FN3862,chr1,213670000,213930000
,,,,,FN3862,,,,,
,,,,,FN3862,FN3862/4047A2,FN3862,chr7,536820000,536880000
,,,,,,,,,,
FN3868/4078,FN3868,chr1,173350000,173630000,FN3868,FN3868/4078,FN3868,chr1,173360000,173630000
,,,,,FN3868,,,,,
,,,,,FN3868,FN3868/4078,FN3868,chr2,335420000,335450000
,,,,,FN3868,,,,,
FN3868/4078,FN3868,chr2,334930000,335030000,FN3868,,,,,
FN3868/4078,FN3868,chr2,335110000,335340000,FN3868,FN3868/4078,FN3868,chr2,335720000,335760000
FN3868/4078,FN3868,chr2,335410000,335760000,FN3868,,,,,
FN3868/4078,FN3868,chr2,335870000,335960000,FN3868,,,,,
,,,,,FN3868,,,,,
,,,,,FN3868,FN3868/4078,FN3868,chr3,511740000,511780000
,,,,,FN3868,FN3868/4078,FN3868,chr5,227600000,227640000
,,,,,FN3868,,,,,
FN3868/4078,FN3868,chr7,223210000,223680000,FN3868,,,,,
FN3868/4078,FN3868,chr7,223760000,224880000,FN3868,FN3868/4078,FN3868,chr7,223980000,224010000
FN3868/4078,FN3868,chr7,225000000,225130000,FN3868,,,,,
,,,,,FN3868,,,,,
,FN3868,,,,FN3868,FN3868_4078/1,FN3868,chr5,227600000,227630000
,,,,,,,,,,
FN3890/4159,FN3890,chr2,226980000,228070000,FN3890,,,,,
FN3890/4159,FN3890,chr2,228150000,228250000,FN3890,,,,,
FN3890/4159,FN3890,chr2,228320000,228460000,FN3890,,,,,
FN3890/4159,FN3890,chr2,228530000,229230000,FN3890,,,,,
FN3890/4159,FN3890,chr2,229290000,229910000,FN3890,FN3890/4159,FN3890,chr2,229470000,229500000
,,,,,FN3890,FN3890/4159,FN3890,chr2,229920000,229960000
FN3890/4159,FN3890,chr2,230150000,230260000,FN3890,FN3890/4159,FN3890,chr2,230550000,230590000
FN3890/4159,FN3890,chr2,230360000,231790000,FN3890,FN3890/4159,FN3890,chr2,231590000,231620000
FN3890/4159,FN3890,chr2,231910000,232280000,FN3890,,,,,
FN3890/4159,FN3890,chr2,232360000,233360000,FN3890,,,,,
FN3890/4159,FN3890,chr2,233540000,234430000,FN3890,FN3890/4159,FN3890,chr2,233600000,233650000
,,,,,FN3890,FN3890/4159,FN3890,chr2,233870000,233900000
,,,,,FN3890,FN3890/4159,FN3890,chr2,233970000,234000000
FN3890/4159,FN3890,chr2,234540000,237950000,FN3890,FN3890/4159,FN3890,chr2,236030000,236190000
,,,,,FN3890,FN3890/4159,FN3890,chr2,236280000,236310000
,,,,,FN3890,FN3890/4159,FN3890,chr2,236420000,236800000
,,,,,FN3890,FN3890/4159,FN3890,chr2,236870000,236960000
,,,,,FN3890,FN3890/4159,FN3890,chr2,237070000,237190000
,,,,,FN3890,FN3890/4159,FN3890,chr2,237300000,237680000
FN3890/4159,FN3890,chr2,238030000,238670000,FN3890,,,,,
FN3890/4159,FN3890,chr2,238790000,239180000,FN3890,FN3890/4159,FN3890,chr2,239040000,239070000
FN3890/4159,FN3890,chr2,239260000,239950000,FN3890,,,,,
FN3890/4159,FN3890,chr2,240090000,240290000,FN3890,,,,,
FN3890/4159,FN3890,chr2,240380000,241000000,FN3890,FN3890/4159,FN3890,chr2,240400000,240430000
FN3890/4159,FN3890,chr2,241100000,241190000,FN3890,,,,,
FN3890/4159,FN3890,chr2,241290000,241760000,FN3890,,,,,
FN3890/4159,FN3890,chr2,241890000,242490000,FN3890,FN3890/4159,FN3890,chr2,242030000,242060000
,,,,,FN3890,FN3890/4159,FN3890,chr2,242160000,242190000
,,,,,FN3890,FN3890/4159,FN3890,chr2,242410000,242440000
FN3890/4159,FN3890,chr2,416650000,416740000,FN3890,,,,,
,,,,,FN3890,,,,,
FN3890/4159,FN3890,chr3,402980000,405420000,FN3890,FN3890/4159,FN3890,chr3,402990000,405410000
,,,,,FN3890,FN3890/4159,FN3890,chr3,405600000,405630000
,,,,,,,,,,
FN3898/589A1,FN3898,chr1,211960000,212680000,FN3898,,,,,
,,,,,FN3898,,,,,
FN3898/589A1,FN3898,chr2,491960000,492550000,FN3898,FN3898/589A1,FN3898,chr2,491960000,492550000
,,,,,FN3898,,,,,
FN3898/589A2,FN3898,chr1,211960000,212690000,FN3898,,,,,
,,,,,FN3898,,,,,
FN3898/589A2,FN3898,chr2,381880000,382530000,FN3898,,,,,
FN3898/589A2,FN3898,chr2,382640000,383140000,FN3898,FN3898/589A2,FN3898,chr2,382690000,382730000
,,,,,FN3898,FN3898/589A2,FN3898,chr2,382960000,382990000
,,,,,FN3898,FN3898/589A2,FN3898,chr2,383080000,383110000
,,,,,,,,,,
FN3999/4636,FN3999,chr2,318750000,318900000,FN3999,FN3999/4636,FN3999,chr2,318750000,318900000
,,,,,,,,,,
M32070/1,M32070,chr2,18180000,18730000,M32070,M32070/1,M32070,chr2,18190000,18720000
,,,,,,,,,,
,,,,,VicABCD-FN,VicABCD-FN,VicABCD-FN,chr1,104300000,104360000
,,,,,VicABCD-FN,VicABCD-FN,VicABCD-FN,chr1,214980000,215010000
,,,,,VicABCD-FN,,,,,
VicABCD-FN,VicABCD-FN,chr2,250240000,250330000,VicABCD-FN,VicABCD-FN,VicABCD-FN,chr2,250250000,250330000
VicABCD-FN,,,,,VicABCD-FN,VicABCD-FN,VicABCD-FN,chr2,371940000,371980000
,,,,,VicABCD-FN,,,,,
VicABCD-FN,VicABCD-FN,chr3,261600000,263290000,VicABCD-FN,VicABCD-FN,VicABCD-FN,chr3,261600000,263290000
,,,,,VicABCD-FN,,,,,
VicABCD-FN,VicABCD-FN,chr4,419300000,420150000,VicABCD-FN,VicABCD-FN,VicABCD-FN,chr4,419300000,420150000
,,,,,VicABCD-FN,,,,,
VicABCD-FN,VicABCD-FN,chr5,2180000,2300000,VicABCD-FN,VicABCD-FN,VicABCD-FN,chr5,2190000,2300000
VicABCD-FN,VicABCD-FN,chr5,48190000,48280000,VicABCD-FN,VicABCD-FN,VicABCD-FN,chr5,48210000,48280000
VicABCD-FN,VicABCD-FN,chr5,119110000,119260000,VicABCD-FN,VicABCD-FN,VicABCD-FN,chr5,119120000,119250000
VicABCD-FN,VicABCD-FN,chr5,188950000,189350000,VicABCD-FN,VicABCD-FN,VicABCD-FN,chr5,188950000,189330000
VicABCD-FN,VicABCD-FN,chr5,593570000,594590000,VicABCD-FN,VicABCD-FN,VicABCD-FN,chr5,593570000,594580000
,,,,,VicABCD-FN,,,,,
VicABCD-FN,VicABCD-FN,chr6,83950000,84110000,VicABCD-FN,VicABCD-FN,VicABCD-FN,chr6,83960000,84110000
